short_name,sequence,MOTA,IDF1,HOTA,MT,ML,FP,FN,Rcll,Prcn,AssA,DetA,AssRe,AssPr,DetRe,DetPr,LocA,FAR,IDSW,FM,Rcll,Prcn,runtime,IDP,IDR,IDSWR,detector
XJTU_priv,OVERALL,64.2994,66.6209,50.5445,626,174,40780,140565,72.8338,90.2356,50.8206,50.8656,54.6935,74.3986,56.3587,69.8242,78.4632,9.10471,3379,7405,72.8338,90.2356,135.73,74.5796,60.197,,1
XJTU_priv,MOT20-08,36.2475,47.7036,37.1284,46,51,14801,34056,56.0477,74.5814,38.9484,35.8877,42.6213,66.6758,43.1351,57.3989,76.3981,18.3635,541,763,56.0477,74.5814,135.73,55.5909,41.7764,,1
XJTU_priv,MOT20-07,75.6563,57.2538,50.9667,83,2,2564,4924,85.1243,91.6593,41.2219,63.8907,45.3905,72.618,71.3721,76.8514,83.7114,4.38291,570,723,85.1243,91.6593,135.73,59.4515,55.2128,,1
XJTU_priv,MOT20-06,48.5571,53.1018,40.831,77,87,8096,59011,55.5496,90.1078,41.7004,40.2812,45.0423,71.2201,43.6176,70.7528,78.8836,8.03175,1187,2663,55.5496,90.1078,135.73,69.6195,42.919,,1
XJTU_priv,MOT20-04,78.4832,78.2668,57.5265,420,34,15319,42574,84.4668,93.7937,56.3324,59.1473,60.1639,75.5743,64.4552,71.5724,77.9916,7.3649,1081,3256,84.4668,93.7937,135.73,82.5879,74.3754,,1
UTM_private,OVERALL,78.2176,76.8636,62.4688,874,107,29964,81516,84.2459,93.5682,61.4114,63.7461,67.7334,76.1522,69.9878,77.7324,83.5324,6.68989,1228,1342,84.2459,93.5682,6.2,81.1164,73.0346,,1
UTM_private,MOT20-08,60.9468,63.7993,50.3474,80,34,7187,22746,70.6443,88.394,50.9161,50.1016,56.2209,73.9344,56.7742,71.039,81.7016,8.91687,327,367,70.6443,88.394,6.2,71.8143,57.3938,,1
UTM_private,MOT20-07,82.3933,75.0761,64.4158,89,2,1953,3751,88.668,93.761,60.4696,69.0646,65.5093,76.5633,75.8403,80.1964,85.1362,3.33846,124,128,88.668,93.761,6.2,77.2322,73.0371,,1
UTM_private,MOT20-06,66.2519,65.0603,53.0299,143,53,7899,36399,72.5822,92.4235,51.9349,54.3221,57.8586,71.6768,59.6303,75.931,82.8322,7.83631,505,467,72.5822,92.4235,6.2,73.9528,58.0768,,1
UTM_private,MOT20-04,88.3915,85.5902,69.3234,562,18,12925,18620,93.2065,95.1842,67.0733,71.7871,73.8592,78.0328,78.0333,79.6891,83.9951,6.21394,272,380,93.2065,95.1842,6.2,86.4983,84.701,,1
UTM,OVERALL,64.3829,65.8976,53.3118,807,108,82726,98974,80.8719,83.4937,50.9631,56.0727,60.6287,65.6585,66.8583,69.0258,82.2905,18.4697,2592,1735,80.8719,83.4937,6.2,66.9658,64.863,,0
UTM,MOT20-08,48.792,55.9974,44.3707,75,32,15103,24050,68.9613,77.9637,43.8664,45.1823,52.5681,61.7074,55.2477,62.4599,80.0865,18.7382,525,455,68.9613,77.9637,6.2,59.6525,52.7644,,0
UTM,MOT20-07,62.7504,63.7189,53.2824,63,4,3971,8138,75.4146,86.2757,51.0338,56.3158,59.1571,67.4033,64.4787,73.7648,83.6878,6.78803,221,184,75.4146,86.2757,6.2,68.3072,59.7082,,0
UTM,MOT20-06,50.5261,59.5565,47.6304,123,54,22688,42113,68.2781,79.9809,48.536,46.9836,55.0921,66.969,56.1213,65.7404,81.1749,22.5079,879,628,68.2781,79.9809,6.2,64.6605,55.1993,,0
UTM,MOT20-04,75.6994,71.4628,58.0689,546,18,40964,24673,90.998,85.8927,53.1178,63.7229,64.2206,65.6034,75.6287,71.3857,83.0324,19.6942,967,468,90.998,85.8927,6.2,69.4581,73.5866,,0
UnsupTrack,OVERALL,53.633,50.5592,41.6734,376,311,6439,231298,55.2983,97.7991,40.2369,43.3185,43.2107,75.9211,45.1151,79.7958,82.5709,1.4376,2178,4335,55.2983,97.7991,3467.3,69.9884,39.5734,39.3864,0
UnsupTrack,MOT20-08,23.9598,28.988,24.1185,11,106,1936,56628,26.9165,91.5058,28.5431,20.5608,30.7573,71.7802,21.3683,72.6535,80.1577,2.40199,355,780,26.9165,91.5058,3467.3,63.768,18.7574,13.1889,0
UnsupTrack,MOT20-07,49.781,47.1298,38.2191,23,25,140,16310,50.7266,99.1731,36.904,39.9854,39.6898,75.9085,41.4118,80.9624,83.0336,0.239316,173,357,50.7266,99.1731,3467.3,69.6356,35.6183,3.41044,0
UnsupTrack,MOT20-06,31.4665,32.0349,25.8478,24,124,1796,88455,33.3707,96.104,26.1716,25.6617,27.8229,71.9207,26.5191,76.3935,80.8721,1.78175,732,1546,33.3707,96.104,3467.3,62.1459,21.5793,21.9354,0
UnsupTrack,MOT20-04,73.2235,62.3052,51.0576,318,56,2567,69905,74.495,98.7584,44.5775,58.6309,47.8783,77.0599,61.2828,81.246,83.1424,1.23413,918,1652,74.495,98.7584,3467.3,72.4517,54.6515,12.323,0
UniMOT,OVERALL,70.3198,69.1075,54.244,700,155,25361,125631,75.72,93.9205,52.8414,55.938,57.6819,72.9428,60.6133,75.231,80.9934,5.6622,2581,6657,75.72,93.9205,749.08,77.413,62.4114,34.0861,1
UniMOT,MOT20-08,52.5296,53.6338,42.2634,51,48,4751,31397,59.4794,90.6546,41.7821,42.9673,47.8841,64.4549,46.9994,71.7449,80.4854,5.89454,634,1422,59.4794,90.6546,749.08,67.6895,44.4118,10.6592,1
UniMOT,MOT20-07,77.8405,70.4545,56.348,84,2,2056,5074,84.6712,93.1656,51.2972,62.5797,57.2995,70.638,68.8764,75.7888,81.6893,3.51453,205,243,84.6712,93.1656,749.08,73.9886,67.2427,2.42113,1
UniMOT,MOT20-06,56.1243,52.3133,43.0378,105,79,7280,49891,62.4193,91.9242,40.0504,46.4705,45.7385,62.7371,50.3974,74.3096,81.2366,7.22222,1077,2192,62.4193,91.9242,749.08,64.6773,43.9178,17.2543,1
UniMOT,MOT20-04,81.3167,79.9576,61.393,460,26,11274,39269,85.6726,95.4187,59.5995,63.4838,63.7213,78.3097,68.4122,76.2193,80.9126,5.42019,665,2800,85.6726,95.4187,749.08,84.5056,75.8742,7.7621,1
TTS,OVERALL,77.4646,75.2363,61.9198,878,113,34201,80788,84.3866,92.7362,60.1279,63.9555,66.3021,74.5158,70.64,77.6295,83.9123,7.63586,1615,2421,84.3866,92.7362,1740,78.9584,71.8493,,1
TTS,MOT20-08,61.0255,60.8081,48.6414,83,31,7814,21939,71.6858,87.6671,46.5058,51.1432,53.489,64.5123,58.205,71.181,81.9784,9.69479,446,714,71.6858,87.6671,1740,67.5863,55.2656,,1
TTS,MOT20-07,77.8134,72.9398,59.041,84,6,2711,4490,86.4355,91.3447,55.3519,63.3041,61.2969,72.1804,71.4226,75.4791,83.298,4.63419,143,211,86.4355,91.3447,1740,75.0112,70.9797,,1
TTS,MOT20-06,64.3446,61.8916,50.8586,139,52,10288,36309,72.65,90.3613,48.0454,54.0136,53.5966,67.9414,59.987,74.6112,82.6249,10.2063,738,956,72.65,90.3613,1740,69.4358,55.8261,,1
TTS,MOT20-04,88.4247,85.1277,70.2347,572,24,13388,18050,93.4144,95.0308,67.856,72.8242,74.0548,79.1271,79.2209,80.5917,84.8784,6.43654,288,540,93.4144,95.0308,1740,85.8642,84.4037,,1
TTRNet,OVERALL,74.2956,76.4298,59.8547,785,130,33144,97893,81.0808,92.6782,59.7048,60.1702,65.6219,75.7295,66.1171,75.5742,81.9151,7.39987,1964,6536,81.0808,92.6782,369.95,81.8959,71.6477,,1
TTRNet,MOT20-08,62.1638,66.3159,52.0263,83,36,6043,22842,70.5204,90.042,52.884,51.3327,58.516,73.6263,57.1077,72.9165,81.8198,7.49752,432,1374,70.5204,90.042,369.95,75.4948,59.127,,1
TTRNet,MOT20-07,77.6774,74.9835,59.7477,79,5,2281,4909,85.1696,92.5147,57.1602,62.9282,61.6039,76.1356,69.6587,75.6661,82.2428,3.89915,199,394,85.1696,92.5147,369.95,78.2168,72.0069,,1
TTRNet,MOT20-06,63.5838,65.0719,52.4766,131,56,7228,40313,69.634,92.7482,52.352,52.7023,57.455,74.4146,57.2153,76.2072,82.5075,7.17063,804,2119,69.634,92.7482,369.95,75.8719,56.9635,,1
TTRNet,MOT20-04,82.5054,84.1347,65.0244,492,33,17592,29829,89.1168,93.2816,64.2816,65.9542,70.7409,76.5957,72.5481,75.9385,81.6742,8.45769,529,2649,89.1168,93.2816,369.95,86.1007,82.2565,,1
TrTrack,OVERALL,65.0199,59.4271,48.9287,622,167,27191,150197,70.9723,93.1061,45.2199,53.3387,51.9021,66.3383,58.1844,76.3302,82.7757,6.07077,3608,11352,70.9723,93.1061,300,68.6938,52.3634,,1
TrTrack,MOT20-08,41.557,42.3233,32.5278,41,57,8655,35717,53.904,82.8349,29.7138,36.1624,35.2491,55.5293,41.3033,63.4712,78.4911,10.7382,912,2285,53.904,82.8349,300,53.6809,34.9324,,1
TrTrack,MOT20-07,54.3005,53.4841,44.6134,35,19,249,14701,55.5874,98.6648,44.2027,45.4001,49.6824,69.0469,47.3654,84.0711,86.1596,0.425641,177,528,55.5874,98.6648,300,74.2077,41.8084,,1
TrTrack,MOT20-06,51.4888,46.6511,37.2848,87,67,9840,53100,60.0021,89.0052,33.208,42.3518,38.2082,56.5897,46.8248,69.4584,79.29,9.7619,1462,3869,60.0021,89.0052,300,57.926,39.0503,,1
TrTrack,MOT20-04,79.5015,69.8888,57.8588,459,24,8447,46679,82.9691,96.4185,51.4059,65.2678,58.7518,70.4168,69.7656,81.0747,84.4607,4.06106,1057,4670,82.9691,96.4185,300,75.5533,65.0144,,1
TRCKFRMER_PR,OVERALL,68.6423,65.704,54.6709,666,181,20348,140373,72.8709,94.8797,52.9713,56.6831,57.3858,78.4954,60.8436,79.2199,83.6925,4.54298,1532,2474,72.8709,94.8797,782,75.6261,58.0835,,1
TRCKFRMER_PR,MOT20-08,46.0263,48.3447,38.8943,39,61,4580,36912,52.3618,89.8565,39.7008,38.464,43.3597,71.7628,41.8717,71.8547,81.0835,5.68238,329,547,52.3618,89.8565,782,65.6538,38.2582,,1
TRCKFRMER_PR,MOT20-07,56.2098,59.0475,49.1947,41,20,547,13856,58.1402,97.2363,50.2084,48.4488,53.308,83.4836,50.6305,84.6767,86.8576,0.935043,92,144,58.1402,97.2363,782,78.9006,47.1768,,1
TRCKFRMER_PR,MOT20-06,55.8841,53.5124,43.852,96,72,5582,52440,60.4993,93.5017,42.2283,45.8033,45.9531,74.0674,49.1335,75.9359,81.7175,5.5377,545,842,60.4993,93.5017,782,68.1079,44.0685,,1
TRCKFRMER_PR,MOT20-04,82.717,75.5894,63.2069,490,28,9639,37165,86.4403,96.0906,58.6364,68.2925,63.4285,80.1771,73.1124,81.2747,84.5307,4.63413,566,941,86.4403,96.0906,782,79.8088,71.7937,,1
TransCtr,OVERALL,61.0433,49.8437,43.5031,601,192,49189,147890,71.4181,88.2527,36.1002,52.9159,44.533,58.9852,59.1549,73.0988,81.7028,10.9821,4493,8950,71.4181,88.2527,4478.5,55.7182,45.0897,,0
TransCtr,MOT20-08,31.4581,31.5708,26.4886,35,64,13050,39038,49.618,74.6582,21.1886,33.7404,26.8158,46.0444,39.95,60.1112,79.3409,16.1911,1021,1941,49.618,74.6582,4478.5,39.5371,26.2764,,0
TransCtr,MOT20-07,76.5415,58.7818,50.8837,71,5,1372,6106,81.5534,95.1634,42.0696,62.1181,49.0502,62.725,67.4376,78.6919,83.3051,2.3453,287,448,81.5534,95.1634,4478.5,63.6867,54.5784,,0
TransCtr,MOT20-06,45.581,35.6408,30.7229,89,72,14441,55970,57.8403,84.1704,23.0217,41.4552,29.2917,45.5223,46.9006,68.2508,80.6311,14.3264,1834,3210,57.8403,84.1704,4478.5,43.753,30.0662,,0
TransCtr,MOT20-04,75.0248,59.4057,51.4755,406,51,20326,46776,82.9337,91.7919,42.0271,63.4724,51.7166,64.918,69.5195,76.9449,82.2674,9.77212,1351,3351,82.9337,91.7919,4478.5,62.5782,56.5392,,0
TransCenter,OVERALL,58.4615,49.6241,43.5042,603,185,64217,146019,71.7797,85.2586,36.9802,51.7098,45.139,58.9296,59.205,70.3226,81.1466,14.3374,4695,9581,71.7797,85.2586,4478.5,54.2833,45.7014,,1
TransCenter,MOT20-08,24.5083,29.1717,25.9555,38,61,18420,38936,49.7496,67.6661,21.6731,31.6849,26.5997,44.4047,39.636,53.9102,78.3872,22.8536,1138,2364,49.7496,67.6661,4478.5,34.4246,25.3097,,1
TransCenter,MOT20-07,73.167,58.4286,50.352,67,7,2566,6035,81.7679,91.3404,41.532,61.3918,48.9866,61.3874,68.1969,76.1806,82.9415,4.38632,281,435,81.7679,91.3404,4478.5,61.8487,55.3669,,1
TransCenter,MOT20-06,41.7952,32.87,29.035,79,70,19267,56056,57.7755,79.9235,21.438,39.9778,27.4034,43.7882,46.4757,64.292,79.4373,19.1141,1948,3654,57.7755,79.9235,4478.5,39.1703,28.3156,,1
TransCenter,MOT20-04,74.3568,61.0623,52.3602,419,47,23964,44992,83.5846,90.5302,43.8352,62.9785,53.1914,65.7011,69.8168,75.6184,81.9576,11.5212,1328,3128,83.5846,90.5302,4478.5,63.5994,58.72,,1
Tracktor++v2,OVERALL,52.6004,52.6726,42.1009,365,331,6930,236680,54.2582,97.591,42.048,42.2767,45.8839,71.6292,44.0942,79.313,82.3765,1.54722,1648,4374,54.2582,97.591,3795,73.7058,40.9786,30.3733,0
Tracktor++v2,MOT20-08,21.0043,27.1723,23.4273,12,116,2078,58880,24.0101,89.9526,29.4984,18.723,32.0304,66.8862,19.449,72.868,81.0918,2.57816,251,734,24.0101,89.9526,3795,64.486,17.2126,10.4539,0
Tracktor++v2,MOT20-07,50.077,49.5877,39.2749,27,23,252,16127,51.2794,98.5371,38.4359,40.3928,42.3625,72.4187,42.0552,80.812,83.4751,0.430769,146,304,51.2794,98.5371,3795,72.437,37.6967,2.84715,0
Tracktor++v2,MOT20-06,30.1235,33.2424,26.5512,28,137,1745,90509,31.8236,96.0335,28.6054,24.7083,31.3539,65.8971,25.5131,76.9991,81.4116,1.73115,512,1408,31.8236,96.0335,3795,66.7788,22.1292,16.0887,0
Tracktor++v2,MOT20-04,72.7244,65.3696,51.4903,298,55,2855,71164,74.0357,98.6126,46.21,57.531,50.35,73.0939,60.3078,80.3299,82.6048,1.3726,739,1928,74.0357,98.6126,3795,76.2197,57.2237,9.98167,0
TMOH,OVERALL,60.1327,61.2135,48.947,580,221,38043,165899,67.9376,90.2346,48.4086,49.676,52.8629,71.0236,54.8428,72.907,81.2382,8.49364,2342,4320,67.9376,90.2346,8054.89,71.2586,53.6506,34.4728,0
TMOH,MOT20-08,28.4214,37.3006,29.3719,21,84,9121,45855,40.82,77.6172,30.9518,28.2237,34.3925,61.8431,31.872,60.7819,77.5761,11.3164,486,895,40.82,77.6172,8054.89,54.1129,28.4588,11.9059,0
TMOH,MOT20-07,65.572,61.873,48.9405,48,11,901,10361,68.6988,96.1888,46.6207,51.7932,51.4127,71.3615,55.257,77.3781,81.8352,1.54017,134,227,68.6988,96.1888,8054.89,74.2524,53.0316,1.95054,0
TMOH,MOT20-06,39.7358,40.332,32.251,63,86,11623,67403,49.2283,84.9007,29.9474,34.9522,33.8974,59.1171,38.7637,67.0003,79.1253,11.5308,979,1660,49.2283,84.9007,8054.89,54.945,31.859,19.8869,0
TMOH,MOT20-04,78.3202,74.9406,59.2684,448,40,16398,42280,84.5741,93.3933,55.8269,63.0252,60.4363,75.2748,69.0748,76.2947,82.2927,7.88365,743,1538,84.5741,93.3933,8054.89,78.8479,71.4022,8.7852,0
TMM,OVERALL,43.3109,45.207,36.1733,218,327,27953,262406,49.2863,90.1217,35.7713,36.979,39.5758,65.2076,39.8231,72.8179,80.7934,6.2409,2965,7477,49.2863,90.1217,20338200,63.9347,34.965,,1
TMM,MOT20-08,13.3486,24.3303,20.0594,10,101,11155,55438,28.4523,66.4016,20.928,19.6169,23.4757,51.561,22.2496,51.9257,74.1034,13.84,548,1106,28.4523,66.4016,20338200,40.556,17.3778,,1
TMM,MOT20-07,48.4457,47.2673,36.7295,31,22,1216,15619,52.8141,93.4966,35.0763,39.1567,39.0948,66.6068,41.848,74.0834,80.6967,2.07863,230,398,52.8141,93.4966,20338200,65.4722,36.9838,,1
TMM,MOT20-06,24.2089,29.9431,24.2228,24,123,12359,87171,34.3379,78.6712,24.4835,24.3737,27.2384,55.7937,26.7377,61.2585,76.2012,12.2609,1088,1955,34.3379,78.6712,20338200,49.2726,21.5062,,1
TMM,MOT20-04,60.4136,56.6441,44.1538,153,81,3223,104178,61.9905,98.1384,40.2054,48.7095,44.3,68.45,50.8847,80.5566,82.9901,1.54952,1099,4018,61.9905,98.1384,20338200,73.1593,46.2121,,1
TDANet,OVERALL,74.6424,77.5294,60.9401,796,111,35120,94311,81.773,92.3358,60.9916,61.0347,67.3009,76.0767,67.2926,75.9849,82.4604,7.84104,1776,6045,81.773,92.3358,403.575,82.5367,73.0949,,1
TDANet,MOT20-08,61.2888,65.6355,51.1117,84,30,6608,22965,70.3616,89.1897,51.5269,50.8409,56.7033,73.129,56.9221,72.1539,81.7799,8.19851,422,1390,70.3616,89.1897,403.575,74.4172,58.7076,,1
TDANet,MOT20-07,76.9765,73.8315,59.2676,76,3,2533,4914,85.1545,91.7546,56.431,62.8463,61.8845,74.5967,69.8069,75.2174,82.1143,4.32991,174,366,85.1545,91.7546,403.575,76.6927,71.1761,,1
TDANet,MOT20-06,64.1699,66.4932,53.0858,136,54,7097,39769,70.0438,92.909,53.1488,53.1184,58.1159,74.5715,57.6488,76.4678,82.6715,7.04067,701,2110,70.0438,92.909,403.575,77.3463,58.3111,,1
TDANet,MOT20-04,83.2081,85.7722,66.9268,500,24,18882,26663,90.272,92.9096,66.4642,67.5235,73.5897,77.3937,74.5918,76.7712,82.5684,9.07788,479,2179,90.272,92.9096,403.575,87.0253,84.5547,,1
Swin_JDE,OVERALL,70.3824,69.5338,55.7131,730,167,26394,124829,75.875,93.7006,54.8182,56.8558,58.7854,77.5729,61.7683,76.2797,82.0774,5.89283,2026,3165,75.875,93.7006,1104.3,77.7017,62.9197,,1
Swin_JDE,MOT20-08,46.4431,52.7655,40.4523,52,57,6544,34573,55.3805,86.7678,41.6887,39.4323,44.4725,73.5661,43.809,68.638,80.0049,8.11911,381,583,55.3805,86.7678,1104.3,67.7181,43.2218,,1
Swin_JDE,MOT20-07,76.333,68.1939,55.3778,77,5,1827,5783,82.5292,93.7313,50.2777,61.467,54.0594,75.0731,67.2018,76.3235,81.9138,3.12308,224,287,82.5292,93.7313,1104.3,72.8221,64.1189,,1
Swin_JDE,MOT20-06,54.2902,54.658,43.0377,103,71,8161,51768,61.0054,90.8458,41.9903,44.3314,45.3779,72.1321,48.3177,71.9519,80.0359,8.09623,754,1192,61.0054,90.8458,1104.3,68.0258,45.6812,,1
Swin_JDE,MOT20-04,84.226,80.0282,64.4495,498,34,9862,32705,88.0675,96.0747,61.5632,67.6279,65.8193,80.0332,72.7042,79.3145,83.1261,4.74135,667,1103,88.0675,96.0747,1104.3,83.6663,76.6933,,1
SUSHIPrivate,OVERALL,74.2941,79.8036,64.3314,782,180,16841,115462,77.6853,95.9788,67.4711,61.4908,71.4317,82.9024,65.5626,81.0014,84.4108,3.75999,706,892,77.6853,95.9788,841,89.1997,72.1983,,1
SUSHIPrivate,MOT20-08,47.6847,60.1968,46.1348,42,76,1309,39128,49.5018,96.6999,54.5273,39.0999,57.3496,80.6305,40.7402,79.5843,82.8436,1.62407,99,161,49.5018,96.6999,841,88.8945,45.5062,,1
SUSHIPrivate,MOT20-07,83.5866,79.8149,68.8038,93,2,1988,3345,89.8946,93.7374,67.1176,71.1137,70.8594,83.754,77.9367,81.2684,85.8365,3.39829,100,110,89.8946,93.7374,841,81.5209,78.1789,,1
SUSHIPrivate,MOT20-06,59.74,69.3092,54.4518,101,83,2933,50297,62.1135,96.5653,59.957,49.5002,63.4608,81.6114,51.9538,80.7705,83.5093,2.90972,218,292,62.1135,96.5653,841,88.5307,56.9454,,1
SUSHIPrivate,MOT20-04,87.7439,88.3573,71.8279,546,19,10611,22692,91.7208,95.95,71.6213,72.1482,75.8532,83.2065,77.6772,81.2589,84.7695,5.10144,289,329,91.7208,95.95,841,90.3944,86.41,,1
SUSHI,OVERALL,61.6216,71.6412,55.4289,591,239,29429,168098,67.5126,92.2301,60.5797,50.838,65.7762,76.6576,55.195,75.4027,81.7818,6.57044,1053,1471,67.5126,92.2301,841,84.7557,62.0413,,0
SUSHI,MOT20-08,28.4059,45.9665,35.6817,25,90,6583,48721,37.1212,81.3755,46.7084,27.3817,49.8557,73.8141,30.0203,65.8091,79.559,8.16749,170,231,37.1212,81.3755,841,73.3661,33.4676,,0
SUSHI,MOT20-07,60.3124,69.8721,53.2849,44,15,1327,11707,64.6325,94.1596,57.8816,49.255,62.0325,78.0577,52.8303,76.9657,82.1298,2.26838,103,137,64.6325,94.1596,841,85.8325,58.9166,,0
SUSHI,MOT20-06,40.1561,55.8427,41.9808,68,95,9818,69253,47.8348,86.6097,50.4126,35.0536,55.0419,72.0339,38.2641,69.2811,79.4311,9.74008,376,541,47.8348,86.6097,841,78.4758,43.3423,,0
SUSHI,MOT20-04,81.567,83.6296,65.2722,454,39,11701,38417,85.9835,95.2698,65.062,65.6013,70.6965,77.9269,70.7982,78.4445,82.6705,5.62548,404,562,85.9835,95.2698,841,88.1456,79.5537,,0
SuppTrack,OVERALL,78.2324,75.487,61.8562,880,105,30187,81119,84.3226,93.529,60.129,63.8485,66.261,75.9426,70.1138,77.7688,83.5736,6.73967,1325,1448,84.3226,93.529,1500,79.6079,71.7718,,1
SuppTrack,MOT20-08,60.9093,63.3933,50.2623,80,33,7228,22705,70.6972,88.3433,50.6408,50.2413,55.1518,74.9393,56.923,71.131,81.7749,8.96774,356,392,70.6972,88.3433,1500,71.3049,57.0621,,1
SuppTrack,MOT20-07,82.357,73.4457,63.9529,90,2,1956,3754,88.659,93.7514,59.3733,69.3233,64.292,76.1695,76.0394,80.407,85.261,3.34359,130,138,88.659,93.7514,1500,75.5551,71.451,,1
SuppTrack,MOT20-06,66.3875,63.6287,52.5514,149,52,8058,36041,72.8519,92.3092,50.7864,54.5635,56.4021,71.3482,59.9329,75.9397,82.8517,7.99405,524,522,72.8519,92.3092,1500,72.1257,56.9228,,1
SuppTrack,MOT20-04,88.3689,84.0312,68.522,561,18,12945,18619,93.2068,95.1772,65.5365,71.7926,72.2977,77.6446,78.0585,79.7086,84.0295,6.22356,315,396,93.2068,95.1772,1500,84.9193,83.1614,,1
StrongSORT,OVERALL,73.8471,76.985,62.5881,771,185,16632,117920,77.2103,96.0033,64.0382,61.3418,69.6003,80.0069,65.3396,81.2433,84.5882,3.71333,770,1003,77.2103,96.0033,3155,86.354,69.4499,,1
StrongSORT,MOT20-08,47.8873,58.0776,45.1736,37,77,1130,39120,49.5122,97.1388,51.948,39.3759,54.9243,79.5409,40.9384,80.3179,83.1809,1.40199,129,203,49.5122,97.1388,3155,86.0105,43.84,,1
StrongSORT,MOT20-07,81.8888,78.6285,67.4918,86,2,1959,3940,88.097,93.705,65.5029,70.1322,70.1526,81.1231,76.6795,81.5607,86.0472,3.34872,96,100,88.097,93.705,3155,81.1311,76.2756,,1
StrongSORT,MOT20-06,59.349,66.791,52.6679,99,87,2652,51086,61.5192,96.8549,56.2784,49.3392,59.6406,81.0203,51.6606,81.3337,83.8517,2.63095,229,336,61.5192,96.8549,3155,85.973,54.6073,,1
StrongSORT,MOT20-04,87.2371,85.0538,69.8573,549,19,10891,23774,91.326,95.8304,67.9423,71.9569,74.6401,79.285,77.4941,81.3162,84.8666,5.23606,316,364,91.326,95.8304,3155,87.1513,83.0548,,1
STC_Tracker,OVERALL,72.9571,67.5211,56.2731,832,147,30215,107701,79.1852,93.132,53.1357,59.8019,59.4456,73.438,65.5398,77.0832,83.2722,6.74593,2011,3069,79.1852,93.132,3212.4,73.4673,62.4654,,1
STC_Tracker,MOT20-08,54.1196,52.3146,42.5043,55,54,3164,31934,58.7863,93.5049,41.0604,44.2745,46.3074,67.4285,47.6223,75.7475,82.2876,3.92556,452,683,58.7863,93.5049,3212.4,67.7629,42.6023,,1
STC_Tracker,MOT20-07,78.336,69.3469,58.8451,86,3,2264,4665,85.9068,92.6254,53.8639,64.7556,59.4493,74.1572,72.0188,77.6513,84.0529,3.87009,242,288,85.9068,92.6254,3212.4,72.0586,66.8318,,1
STC_Tracker,MOT20-06,59.1216,53.597,44.8741,113,71,5250,48412,63.5334,94.1403,41.5033,48.6726,46.6697,68.3233,52.2352,77.3994,82.9921,5.20833,607,949,63.5334,94.1403,3212.4,66.5071,44.8843,,1
STC_Tracker,MOT20-04,84.3344,76.5091,63.5681,578,19,19537,22690,91.7215,92.7889,58.9764,68.6938,65.8968,75.9914,76.2669,77.1545,83.4521,9.39279,710,1149,91.7215,92.7889,3212.4,76.9543,76.069,,1
Sp_Con,OVERALL,54.6279,53.3858,42.515,407,317,9486,223607,56.7847,96.8725,41.3863,43.824,48.2395,63.8252,45.97,78.423,82.0164,2.11788,1674,2455,56.7847,96.8725,3100,72.2299,42.3398,,0
Sp_Con,MOT20-08,22.8783,28.0861,23.1707,14,113,2667,56788,26.71,88.5845,26.4771,20.4204,29.7713,61.5178,21.3907,70.9428,80.1841,3.30893,302,419,26.71,88.5845,3100,60.6172,18.2773,,0
Sp_Con,MOT20-07,52.3519,51.8642,41.284,31,20,459,15165,54.1857,97.5048,40.7917,42.1091,45.8511,68.9896,44.1659,79.4747,82.8079,0.784615,148,185,54.1857,97.5048,3100,72.5958,40.3432,,0
Sp_Con,MOT20-06,32.0601,34.3267,27.1156,31,130,2650,86993,34.472,94.5264,27.9498,26.3958,32.0587,59.2588,27.4525,75.2779,80.681,2.62897,552,810,34.472,94.5264,3100,64.2273,23.4225,,0
Sp_Con,MOT20-04,74.8095,65.8704,51.8673,331,54,3710,64661,76.4083,98.2593,45.7117,59.0151,53.6104,64.4717,62.1058,79.8665,82.4255,1.78365,672,1041,76.4083,98.2593,3100,75.2891,58.5463,,0
sparsetrack_,OVERALL,78.172,77.3269,63.3822,868,114,25108,86720,83.2401,94.4916,62.842,64.1678,68.3039,78.2939,69.7671,79.1974,84.133,5.60572,1116,1356,83.2401,94.4916,366.2,82.553,72.7231,,1
sparsetrack_,MOT20-08,61.543,66.0603,51.4287,71,37,4908,24645,68.1934,91.5009,53.1233,49.9957,57.7081,74.9769,55.0824,73.9087,82.0726,6.08933,245,339,68.1934,91.5009,366.2,77.3495,57.6467,,1
sparsetrack_,MOT20-07,82.49,78.3841,66.8885,89,2,1786,3901,88.2149,94.2361,64.5043,69.9356,69.5102,80.8649,76.3607,81.5728,85.9127,3.05299,109,125,88.2149,94.2361,366.2,81.0592,75.8799,,1
sparsetrack_,MOT20-06,66.4161,63.6998,52.5187,143,57,7118,36983,72.1423,93.0821,50.8262,54.4595,56.0949,72.8939,59.4217,76.6692,83.0004,7.06151,484,501,72.1423,93.0821,366.2,72.9445,56.5349,,1
sparsetrack_,MOT20-04,88.0456,85.9973,70.476,565,18,11296,21191,92.2684,95.7243,68.7423,72.3878,74.4173,80.2341,78.1331,81.0595,84.7702,5.43077,278,391,92.2684,95.7243,366.2,87.6077,84.4449,,1
SORT20,OVERALL,42.6614,45.1287,36.1034,208,326,27521,264694,48.8441,90.1799,35.8846,36.7068,39.4308,66.9142,39.5162,72.9606,80.9847,6.14445,4470,17798,48.8441,90.1799,78.2,64.2245,34.7858,91.5157,0
SORT20,MOT20-08,13.0659,24.2229,19.8607,13,102,10974,55559,28.2962,66.6434,20.6276,19.5032,23.0787,52.6718,22.1121,52.0834,74.3386,13.6154,827,2091,28.2962,66.6434,78.2,40.6365,17.2539,29.2266,0
SORT20,MOT20-07,48.4668,47.2735,36.7023,30,22,1032,15666,52.6721,94.4117,35.1002,39.0515,38.878,67.529,41.5993,74.5724,80.7957,1.7641,360,872,52.6721,94.4117,78.2,66.0042,36.8237,6.83473,0
SORT20,MOT20-06,23.6944,29.5447,23.8759,26,123,12309,87352,34.2016,78.6724,23.9813,24.1464,26.5855,56.5094,26.526,61.0209,76.3012,12.2113,1640,3982,34.2016,78.6724,78.2,48.7525,21.1944,47.951,0
SORT20,MOT20-04,59.5139,56.7295,44.1809,139,79,3206,106117,61.283,98.127,40.5317,48.3617,44.315,70.5603,50.4768,80.8244,83.2134,1.54135,1643,10853,61.283,98.127,78.2,73.7827,46.0793,26.81,0
SGT_mot,OVERALL,72.8056,70.5402,56.9322,798,157,25165,112897,78.181,94.1435,55.2606,58.8444,60.2594,75.4462,63.8162,76.8458,82.2987,5.61844,2649,5486,78.181,94.1435,261,77.7414,64.56,,1
SGT_mot,MOT20-08,54.1105,53.3115,41.2136,51,49,2451,32598,57.9294,94.8222,39.2763,43.4709,44.1046,68.7257,46.2263,75.666,81.0883,3.04094,508,1225,57.9294,94.8222,261,70.2875,42.9405,,1
SGT_mot,MOT20-07,77.8285,71.0532,59.2538,85,3,2283,4775,85.5745,92.5414,54.4546,64.8854,59.9872,73.9329,71.6865,77.5228,83.5626,3.90256,281,359,85.5745,92.5414,261,73.9456,68.3786,,1
SGT_mot,MOT20-06,57.728,56.3587,45.5259,102,86,3298,51976,60.8488,96.0775,43.9987,47.1998,47.8466,71.9011,49.7223,78.5093,82.2375,3.27183,845,1711,60.8488,96.0775,261,72.6733,46.0262,,1
SGT_mot,MOT20-04,84.7871,80.1254,64.5566,560,19,17133,23548,91.4085,93.5992,61.7071,67.7293,67.0068,77.8207,74.665,76.4545,82.3867,8.23702,1015,2191,91.4085,93.5992,261,81.0856,79.1878,,1
SFS,OVERALL,50.7999,41.147,32.7101,341,251,50139,200932,61.167,86.3245,25.072,43.0517,34.5384,47.4389,47.974,67.7905,78.2079,11.1942,3503,7617,61.167,86.3245,44500,49.6087,35.1513,57.2694,0
SFS,MOT20-08,23.8707,31.9632,24.5617,21,70,14008,44270,42.8656,70.3359,21.8713,28.0476,25.7478,53.0925,32.734,53.8997,73.7533,17.3797,710,1282,42.8656,70.3359,44500,42.2049,25.7214,16.5634,0
SFS,MOT20-07,59.394,54.4069,41.4153,43,9,2695,10511,68.2457,89.3415,37.1156,46.7075,42.0413,62.3151,51.495,67.4663,76.4608,4.60684,235,501,68.2457,89.3415,44500,62.8159,47.9834,3.44344,0
SFS,MOT20-06,33.7059,31.7806,26.3658,46,97,18710,68212,48.6189,77.5269,21.0535,33.5152,27.4496,43.9436,37.9987,60.7191,75.4746,18.5615,1088,1945,48.6189,77.5269,44500,41.2288,25.8555,22.3781,0
SFS,MOT20-04,65.6547,46.0843,36.3308,231,75,14726,77939,71.5638,93.0166,25.4071,52.2348,37.195,45.7285,56.6888,73.7181,80.1464,7.07981,1470,3889,71.5638,93.0166,44500,52.9916,40.77,20.5411,0
SelfAT,OVERALL,74.9721,76.5747,62.5619,784,163,15549,113136,78.1348,96.2964,63.2476,62.0698,69.4583,78.9524,66.0745,81.4328,84.6843,3.47153,816,1104,78.1348,96.2964,3600,85.4742,69.3537,,1
SelfAT,MOT20-08,50.5833,60.1982,46.6769,41,71,1028,37132,52.0778,97.5157,52.7594,41.4396,55.445,81.1841,43.125,80.7516,83.5405,1.27543,130,239,52.0778,97.5157,3600,86.4596,46.1734,,1
SelfAT,MOT20-07,81.7981,77.0658,66.0437,85,2,1765,4141,87.4898,94.2555,63.2098,69.6694,67.9586,80.5494,75.9239,81.7952,86.0089,3.01709,119,111,87.4898,94.2555,3600,80.0456,74.2999,,1
SelfAT,MOT20-06,61.9628,65.1237,52.5243,109,74,1604,48620,63.3767,98.1292,54.2487,50.9323,57.5694,80.4418,53.1306,82.2647,84.254,1.59127,273,376,63.3767,98.1292,3600,82.979,53.5919,,1
SelfAT,MOT20-04,87.3437,84.8147,69.7518,549,16,11152,23243,91.5198,95.7434,67.6699,72.0296,75.4979,77.6088,77.6425,81.2257,84.8512,5.36154,294,378,91.5198,95.7434,3600,86.7718,82.9439,,1
RTv1,OVERALL,60.6369,67.9319,55.1139,865,91,112927,85062,83.5605,79.2905,55.7667,54.7428,61.0609,73.3161,68.2973,64.8072,81.2572,25.2125,5686,7934,83.5605,79.2905,1500,66.1962,69.7611,,1
RTv1,MOT20-08,21.6187,50.6186,41.7346,79,28,36457,23131,70.1474,59.8535,46.3893,37.9605,51.7863,67.9025,56.4267,48.1463,78.9353,45.232,1145,1838,70.1474,59.8535,1500,46.9045,54.9713,,1
RTv1,MOT20-07,74.1669,70.5705,57.5476,84,2,3462,4753,85.6409,89.1166,54.0875,61.8892,58.8137,74.4169,70.2776,73.1298,81.7466,5.91795,336,462,85.6409,89.1166,1500,72.0025,69.1943,,1
RTv1,MOT20-06,39.1143,50.6402,42.4338,139,43,42947,35204,73.4824,69.4327,40.6823,44.7147,45.4543,63.6123,59.6693,56.3809,79.1507,42.6062,2679,3241,73.4824,69.4327,1500,49.2448,52.117,,1
RTv1,MOT20-04,80.4582,81.3566,64.6709,563,18,30061,21974,91.9827,89.3465,63.672,65.812,69.1004,77.897,75.593,73.4265,82.5521,14.4524,1526,2393,91.9827,89.3465,1500,80.1907,82.5568,,1
RTU_P2,OVERALL,76.5168,76.7803,62.7677,811,132,19247,101290,80.4243,95.5793,62.6448,63.1044,69.0832,78.0654,67.746,80.5119,84.4431,4.29716,971,1190,80.4243,95.5793,280.3,84.0145,70.6932,,1
RTU_P2,MOT20-08,60.899,63.5498,49.3877,68,40,4726,25286,67.3662,91.6977,49.594,49.4036,54.7817,72.8349,54.2867,73.8941,81.83,5.86352,285,325,67.3662,91.6977,280.3,75.0264,55.1185,,1
RTU_P2,MOT20-07,81.7981,77.0658,66.0437,85,2,1765,4141,87.4898,94.2555,63.2098,69.6694,67.9586,80.5494,75.9239,81.7952,86.0089,3.01709,119,111,87.4898,94.2555,280.3,80.0456,74.2999,,1
RTU_P2,MOT20-06,61.9628,65.1237,52.5243,109,74,1604,48620,63.3767,98.1292,54.2487,50.9323,57.5694,80.4418,53.1306,82.2647,84.254,1.59127,273,376,63.3767,98.1292,280.3,82.979,53.5919,,1
RTU_P2,MOT20-04,87.3437,84.8147,69.7518,549,16,11152,23243,91.5198,95.7434,67.6699,72.0296,75.4979,77.6088,77.6425,81.2257,84.8512,5.36154,294,378,91.5198,95.7434,280.3,86.7718,82.9439,,1
RETracker,OVERALL,62.3602,52.9644,45.2783,605,192,43503,147451,71.503,89.4788,38.6344,53.4,53.309,52.2965,59.2718,74.1727,82.0919,9.71266,3804,9245,71.503,89.4788,150000,59.622,47.6443,,0
RETracker,MOT20-08,35.5054,35.7688,30.35,34,68,8860,40100,48.2474,80.8408,27.7372,33.6946,35.5241,45.586,38.3889,64.3224,79.9582,10.9926,1013,2212,48.2474,80.8408,150000,47.8505,28.5582,,0
RETracker,MOT20-07,76.034,61.1644,51.9713,78,6,1971,5738,82.6652,93.2808,42.9895,63.1008,54.3581,56.7986,69.3088,78.2092,83.886,3.36923,224,421,82.6652,93.2808,150000,65.0917,57.6841,,0
RETracker,MOT20-06,46.5685,40.6012,33.7812,86,73,12215,57169,56.9371,86.0882,27.8282,41.3313,37.1958,44.1161,46.2217,69.8867,81.2025,12.1181,1550,3379,56.9371,86.0882,150000,50.9948,33.727,,0
RETracker,MOT20-04,75.9497,61.2487,52.4695,407,45,20457,44444,83.7845,91.8204,43.2194,64.0192,60.9882,55.3481,70.2843,77.0254,82.5055,9.8351,1017,3233,83.7845,91.8204,150000,64.1859,58.5685,,0
Res_RTri,OVERALL,77.8662,78.4416,63.2868,875,114,28390,84940,83.5841,93.84,63.1376,63.619,69.7449,76.2832,69.5797,78.1171,83.5873,6.33847,1196,1500,83.5841,93.84,8365.4,83.2541,74.1551,,1
Res_RTri,MOT20-08,62.1277,65.3242,50.93,71,36,5139,23891,69.1665,91.2501,51.7287,50.3619,58.5924,70.8372,55.6564,73.4264,81.7184,6.37593,315,365,69.1665,91.2501,8365.4,75.7526,57.4196,,1
Res_RTri,MOT20-07,81.6592,75.6788,64.8867,91,3,2211,3745,88.6861,92.9958,61.1613,69.2628,67.1092,75.1483,76.3553,80.0658,85.2964,3.77949,115,135,88.6861,92.9958,8365.4,77.5177,73.9253,,1
Res_RTri,MOT20-06,66.8417,67.2032,54.2694,145,55,7351,36174,72.7517,92.9272,53.9568,54.7268,60.4169,71.9991,59.8032,76.3878,82.7726,7.29266,495,577,72.7517,92.9272,8365.4,76.5216,59.908,,1
Res_RTri,MOT20-04,87.1974,86.9958,69.9766,568,20,13689,21130,92.2907,94.8662,68.9772,71.1164,75.6097,78.8928,77.4329,79.5938,84.0827,6.58125,271,423,92.2907,94.8662,8365.4,88.2097,85.8149,,1
ReMOT_box,OVERALL,77.4269,73.1449,61.1506,846,123,28351,86659,83.2519,93.8249,58.6846,63.9361,63.0751,79.4657,69.7726,78.6338,83.9717,6.32976,1789,2121,83.2519,93.8249,10000,77.7896,69.0236,,1
ReMOT_box,MOT20-08,59.3968,57.191,46.4358,68,36,5278,25613,66.9441,90.7645,44.0797,49.1261,46.0416,80.1732,54.0448,73.2752,81.6562,6.54839,570,820,66.9441,90.7645,10000,67.366,49.6864,,1
ReMOT_box,MOT20-07,79.5021,72.7628,59.5905,83,7,2758,3891,88.2451,91.3726,55.2764,64.5717,61.514,72.0149,72.9801,75.5667,83.3312,4.71453,136,151,88.2451,91.3726,10000,74.0522,71.5175,,1
ReMOT_box,MOT20-06,64.8742,60.9855,51.0943,139,54,8494,37450,71.7906,91.817,48.0942,54.4646,51.3372,76.3952,59.6221,76.2541,82.9552,8.42659,688,704,71.7906,91.817,10000,69.4916,54.3346,,1
ReMOT_box,MOT20-04,88.3536,82.4903,69.0964,556,26,11821,19705,92.8106,95.5594,65.6831,72.8458,70.6822,81.0901,78.7482,81.0804,84.8837,5.68317,395,446,92.8106,95.5594,10000,83.7119,81.3039,,1
RekTCL,OVERALL,65.2014,70.1426,55.3023,761,131,61209,114709,77.8308,86.8063,56.2876,54.5721,60.8877,75.2735,62.8313,70.077,81.1501,13.6658,4139,8508,77.8308,86.8063,200,74.187,66.5164,,1
RekTCL,MOT20-08,36.3598,52.2114,40.8144,55,41,17609,30926,60.0872,72.5575,44.1,37.9367,48.2034,70.4564,47.6231,57.5066,79.8561,21.8474,776,1723,60.0872,72.5575,200,57.6293,47.7247,,1
RekTCL,MOT20-07,75.1125,69.5721,56.7346,80,3,2322,5585,83.1274,92.218,53.3762,61.0576,57.7208,75.4344,67.5459,74.9325,81.6352,3.96923,331,551,83.1274,92.218,200,73.3762,66.143,,1
RekTCL,MOT20-06,44.2108,54.3114,42.1385,106,65,22584,49695,62.5669,78.6229,43.1609,41.4159,47.0687,67.6055,49.2745,61.9193,78.5062,22.4048,1785,3294,62.5669,78.6229,200,61.2801,48.7658,,1
RekTCL,MOT20-04,82.3251,81.9379,64.4644,520,22,18694,28503,89.6006,92.9263,62.998,66.1083,67.8359,78.3941,73.1277,75.842,82.2401,8.9875,1247,2940,89.6006,92.9263,200,83.4585,80.4717,,1
RBR,OVERALL,77.4557,78.2652,62.9954,847,128,22793,92843,82.0568,94.9052,62.7858,63.3705,67.9613,78.7912,68.5005,79.2262,83.7668,5.08886,1014,1388,82.0568,94.9052,628,84.3925,72.9673,,1
RBR,MOT20-08,59.9117,69.5525,51.9879,66,42,3786,27052,65.087,93.0171,55.4502,48.8718,58.951,78.0859,52.9021,75.6035,82.2187,4.69727,224,320,65.087,93.0171,628,84.4756,59.1103,,1
RBR,MOT20-07,82.2181,81.4851,68.234,86,3,1810,3988,87.952,94.1468,67.2721,69.5305,72.3546,81.4139,75.7689,81.1055,85.4778,3.09402,88,114,87.952,94.1468,628,84.3547,78.8043,,1
RBR,MOT20-06,66.0899,68.259,54.8933,140,62,5470,39161,70.5017,94.4784,55.5625,54.3378,60.1464,76.6275,58.4181,78.2853,83.2491,5.42659,387,495,70.5017,94.4784,628,79.866,59.5976,,1
RBR,MOT20-04,87.3455,84.3349,68.543,555,21,11727,22642,91.739,95.5439,66.1942,71.115,71.8808,79.198,76.9159,80.106,84.0616,5.63798,315,459,91.739,95.5439,628,86.0838,82.6557,,1
RADTrack,OVERALL,67.1501,70.4678,56.4788,773,111,61134,104597,79.7851,87.1015,56.3677,56.8213,60.3215,77.4918,65.288,71.275,81.7594,13.649,4243,8236,79.7851,87.1015,1040,73.6988,67.5082,,1
RADTrack,MOT20-08,37.4684,54.8846,43.5289,68,36,20273,27338,64.7179,71.2109,46.9091,40.7442,50.9267,72.7073,52.1611,57.3943,79.5785,25.1526,841,1765,64.7179,71.2109,1040,57.6379,52.3824,,1
RADTrack,MOT20-07,76.4539,72.7299,59.0686,79,3,2286,5221,84.2271,92.4219,56.0029,62.918,59.864,77.9679,69.2379,75.9743,82.0602,3.90769,287,476,84.2271,92.4219,1040,76.268,69.5055,,1
RADTrack,MOT20-06,49.0776,55.1471,44.6042,118,51,22616,43058,67.5663,79.8638,43.4378,46.103,46.6243,72.4343,54.795,64.768,80.0572,22.4365,1929,3233,67.5663,79.8638,1040,60.1656,50.9013,,1
RADTrack,MOT20-04,83.1712,81.5234,64.9252,508,21,15959,28980,89.4266,93.8869,62.9289,67.1116,67.0671,80.0787,73.6045,77.2756,82.8083,7.6726,1186,2762,89.4266,93.8869,1040,83.5565,79.5869,,1
QuoVadis,OVERALL,77.7688,75.7044,61.4787,859,118,26249,87594,83.0712,94.2447,59.8698,63.3282,66.9576,73.4902,69.0327,78.3179,83.5405,5.86046,1187,1460,83.0712,94.2447,2000,80.7957,71.2168,,1
QuoVadis,MOT20-08,61.6334,59.9383,47.931,73,36,6099,23292,69.9396,89.8841,45.8441,50.3884,53.3731,66.0488,56.2685,72.3144,81.5506,7.567,337,417,69.9396,89.8841,2000,68.4845,53.2884,,1
QuoVadis,MOT20-07,82.4477,73.7597,64.0811,89,3,1801,3884,88.2662,94.1937,59.5924,69.3269,64.5235,76.2677,75.7241,80.8093,85.3265,3.07863,125,137,88.2662,94.1937,2000,76.2364,71.4389,,1
QuoVadis,MOT20-06,66.0756,63.908,51.8189,143,61,6562,38027,71.3559,93.5217,49.929,53.9164,57.0155,67.2588,58.6261,76.8375,82.8883,6.50992,448,524,71.3559,93.5217,2000,73.8341,56.3345,,1
QuoVadis,MOT20-04,87.429,85.1132,68.5711,554,18,11787,22391,91.8306,95.5264,66.3485,71.0102,73.5494,76.7828,76.8737,79.9676,83.9961,5.66683,277,382,91.8306,95.5264,2000,86.8259,83.4668,,1
QDTrackX,OVERALL,74.739,73.7734,60.0066,797,162,23352,106313,79.4535,94.6251,58.8784,61.374,65.7123,74.8494,66.4358,79.1217,83.8437,5.21366,1042,1973,79.4535,94.6251,600,80.8169,67.8592,,1
QDTrackX,MOT20-08,54.9597,58.4476,46.6384,55,57,2366,32381,58.2094,95.0157,48.5765,45.0047,55.9358,69.7401,47.7986,78.022,82.7408,2.93548,152,421,58.2094,95.0157,600,76.926,47.1271,,1
QDTrackX,MOT20-07,76.611,71.2995,61.0047,85,3,3356,4256,87.1424,89.578,57.2437,65.4735,64.0283,74.37,74.7608,76.8503,85.3267,5.73675,130,181,87.1424,89.578,600,72.2959,70.3302,,1
QDTrackX,MOT20-06,64.6919,65.2682,52.8311,137,68,3989,42535,67.9603,95.7659,53.1463,52.6557,58.4321,72.6393,56.0901,79.0392,83.0292,3.95734,350,649,67.9603,95.7659,600,78.6203,55.7929,,1
QDTrackX,MOT20-04,84.971,81.2676,66.0039,520,34,13641,27141,90.0976,94.7652,62.8019,69.5411,70.0417,76.3485,75.7103,79.6326,84.1625,6.55817,410,722,90.0976,94.7652,600,83.3727,79.2662,,1
PIDMOT,OVERALL,67.4976,71.2571,57.0036,751,206,29891,137270,73.4706,92.7104,58.9587,55.2463,65.0496,74.9644,60.3061,76.0985,82.6417,6.67359,1015,1265,73.4706,92.7104,400,80.5871,63.8632,,1
PIDMOT,MOT20-08,41.2976,49.5479,37.6078,31,80,969,44356,42.7546,97.1581,43.1868,32.8198,48.8834,68.071,34.087,77.4614,81.3711,1.20223,160,216,42.7546,97.1581,400,81.0716,35.6758,,1
PIDMOT,MOT20-07,78.0369,73.3583,60.5198,84,3,2348,4789,85.5322,92.3418,57.2512,64.3891,62.3585,77.1754,71.2488,76.9212,83.2058,4.01368,133,123,85.5322,92.3418,400,76.2785,70.6535,,1
PIDMOT,MOT20-06,47.141,48.5134,39.2217,62,99,1809,68013,48.7688,97.2819,40.188,38.367,45.337,66.0393,39.8746,79.5402,82.5194,1.79464,352,454,48.7688,97.2819,400,72.6429,36.4169,,1
PIDMOT,MOT20-04,83.4916,83.5963,66.628,574,24,24765,20112,92.6621,91.1153,65.8547,67.5617,72.3236,77.7701,76.2931,75.0195,82.7715,11.9062,370,472,92.6621,91.1153,400,82.8986,84.3059,,1
OVBT17,OVERALL,39.9862,37.8064,30.5292,141,374,23368,282949,45.316,90.9372,27.359,34.4328,30.977,60.5816,36.7318,73.7109,81.0791,5.21724,4210,10026,45.316,90.9372,43200,56.8369,28.3231,,0
OVBT17,MOT20-08,12.4826,23.2318,18.7132,5,109,9422,57881,25.2994,67.5383,20.0848,17.8251,21.6783,57.6278,19.8599,53.0173,74.4776,11.6898,509,1327,25.2994,67.5383,43200,42.6253,15.9672,,0
OVBT17,MOT20-07,44.6875,45.9037,34.9242,16,30,865,17241,47.914,94.8281,34.1161,36.2911,36.0878,75.4594,38.2695,75.7404,81.2724,1.47863,203,471,47.914,94.8281,43200,68.3767,34.5488,,0
OVBT17,MOT20-06,22.5645,27.3032,21.7851,16,131,10012,91789,30.8594,80.3609,21.6303,22.2327,23.3731,58.7193,24.0356,62.5912,76.5965,9.93254,1000,2343,30.8594,80.3609,43200,49.2016,18.8939,,0
OVBT17,MOT20-04,55.6322,44.8806,36.0478,104,104,3069,116038,57.6633,98.0951,28.6937,45.5602,33.1057,59.3219,47.4654,80.7467,83.1059,1.47548,2498,5885,57.6633,98.0951,43200,60.6151,35.6314,,0
OUTrack_fm_p,OVERALL,65.4254,65.0638,52.0869,615,165,38243,137770,73.374,90.8487,50.7381,53.7689,53.9475,77.8118,59.4219,73.5739,81.4386,8.53829,2885,7205,73.374,90.8487,884.257,72.8116,58.8063,,0
OUTrack_fm_p,MOT20-08,40.6419,52.7384,40.809,49,52,13087,32374,58.2185,77.5126,43.3953,38.5177,46.8532,73.2894,46.0904,61.3652,79.8722,16.237,532,1212,58.2185,77.5126,884.257,61.4774,46.1747,,0
OUTrack_fm_p,MOT20-07,74.7893,64.5504,53.7269,67,2,1910,6148,81.4265,93.3825,48.1858,60.6627,51.7313,77.026,66.3303,76.0697,81.8391,3.26496,287,441,81.4265,93.3825,884.257,69.2894,60.4181,,0
OUTrack_fm_p,MOT20-06,48.6099,50.5709,40.8029,91,70,13926,53136,59.975,85.1134,39.3436,42.5746,41.7576,73.8732,47.897,67.973,79.5248,13.8155,1162,2235,59.975,85.1134,884.257,61.1693,43.1028,,0
OUTrack_fm_p,MOT20-04,79.4457,74.8099,59.633,408,41,9320,46112,83.176,96.0723,56.1895,63.5318,59.5096,79.9196,67.9387,78.4725,82.3768,4.48077,904,3317,83.176,96.0723,884.257,80.6095,69.7888,,0
OUTrack_fm,OVERALL,68.6434,69.4275,56.2021,719,151,36816,123208,76.1883,91.4587,55.6449,57.0161,59.6141,77.9382,62.8378,75.4323,82.5318,8.21969,2223,5683,76.1883,91.4587,361.21,76.3852,63.6315,,1
OUTrack_fm,MOT20-08,43.7665,53.6183,42.3384,60,43,12825,30213,61.0074,78.6591,43.5523,41.4511,48.3063,70.6382,49.1483,63.3688,79.9051,15.9119,534,1150,61.0074,78.6591,361.21,61.3751,47.6021,,1
OUTrack_fm,MOT20-07,77.7801,72.417,59.0204,78,3,2084,5066,84.6953,93.0808,55.3942,63.6044,59.6381,77.439,69.9794,76.9079,82.7629,3.56239,205,306,84.6953,93.0808,361.21,76.0019,69.155,,1
OUTrack_fm,MOT20-06,51.6749,55.6376,45.3838,113,70,13425,49932,62.3884,86.0519,45.7488,45.196,49.0476,73.3991,50.7063,69.9389,80.8372,13.3185,798,1709,62.3884,86.0519,361.21,66.1891,47.9877,,1
OUTrack_fm,MOT20-04,82.7918,79.3455,64.0779,468,35,8482,37997,86.1367,96.5319,61.2323,67.2125,65.1395,80.6458,71.7214,80.3768,83.6271,4.07788,686,2518,86.1367,96.5319,361.21,84.1333,75.0733,,1
ort_track,OVERALL,69.2789,67.1521,53.9569,765,181,31790,124468,75.9448,92.5156,52.9791,55.2671,58.0107,74.2352,60.6454,73.8779,80.7915,7.09757,2701,5370,75.9448,92.5156,233.28,74.4783,61.1382,,1
ort_track,MOT20-08,36.6501,37.4007,28.5258,22,74,3533,44717,42.2887,90.2672,28.2477,29.3755,30.9065,64.4764,31.0645,66.3087,74.8905,4.38337,836,1982,42.2887,90.2672,233.28,58.6171,27.4612,,1
ort_track,MOT20-07,80.9432,67.2297,55.8975,84,2,1452,4661,85.9189,95.1425,48.6613,64.8014,54.0843,70.8491,70.1741,77.7075,82.1501,2.48205,195,209,85.9189,95.1425,233.28,70.8383,63.9709,,1
ort_track,MOT20-06,53.9407,49.3043,40.3949,89,81,5426,54606,58.8677,93.5078,37.3764,43.9325,40.4812,73.1119,47.0277,74.7007,80.7314,5.38294,1115,2307,58.8677,93.5078,233.28,63.8106,40.1719,,1
ort_track,MOT20-04,84.5237,80.3409,63.5945,570,24,21379,20484,92.5264,92.2252,61.0172,66.5131,66.7923,75.7621,74.4531,74.2108,81.4047,10.2784,555,872,92.5264,92.2252,233.28,80.2101,80.472,,1
OCSORTyolox,OVERALL,75.6674,76.317,62.3578,813,160,19067,105894,79.5345,95.572,62.4729,62.4332,67.4116,79.5637,66.916,80.4091,84.246,4.25698,942,1086,79.5345,95.572,240,84.0113,69.9138,,1
OCSORTyolox,MOT20-08,52.7993,59.5686,45.7899,47,63,1941,34462,55.5237,95.6831,48.6548,43.2292,51.8755,76.9599,45.4899,78.3919,82.4782,2.40819,170,251,55.5237,95.6831,240,81.1111,47.0678,,1
OCSORTyolox,MOT20-07,82.4809,74.9209,65.0841,87,2,1795,3876,88.2904,94.2134,61.0807,69.9309,65.8129,80.13,76.313,81.4325,85.7545,3.06838,128,125,88.2904,94.2134,240,77.4339,72.5658,,1
OCSORTyolox,MOT20-06,62.2845,64.3263,51.8905,116,78,3876,45861,65.4549,95.73,52.4819,51.4019,57.4887,75.6058,54.4762,79.6732,83.3812,3.84524,333,344,65.4549,95.73,240,79.2028,54.1546,,1
OCSORTyolox,MOT20-04,87.7917,85.2783,70.01,563,17,11455,21695,92.0845,95.6584,68.1077,72.1088,73.2654,80.9687,77.8637,80.8857,84.6625,5.50721,311,366,92.0845,95.6584,240,86.9332,83.6853,,1
OCSORTv1,OVERALL,75.5683,79.2003,63.9979,802,161,16949,108676,78.9968,96.0185,65.8858,62.3378,70.9326,80.885,66.5471,80.8863,84.3444,3.7841,791,1504,78.9968,96.0185,265.3,87.7331,72.1802,,1
OCSORTv1,MOT20-08,52.0817,61.5412,47.0082,45,64,1893,35076,54.7313,95.727,52.0248,42.5977,55.2529,78.4695,44.8115,78.3769,82.5035,2.34864,160,369,54.7313,95.727,265.3,84.5895,48.3635,,1
OCSORTv1,MOT20-07,82.5836,79.6579,67.8105,87,2,1533,4123,87.5442,94.9756,66.4241,69.7714,71.0596,82.0888,75.7144,82.1416,85.9906,2.62051,109,140,87.5442,94.9756,265.3,83.0389,76.5415,,1
OCSORTv1,MOT20-06,61.761,67.9736,53.7137,109,79,3378,47109,64.5149,96.2056,56.8376,50.8326,61.8426,77.3107,53.6506,80.0047,83.288,3.35119,278,508,64.5149,96.2056,265.3,84.6685,56.7782,,1
OCSORTv1,MOT20-04,88.0486,87.8045,71.5752,561,16,10145,22368,91.839,96.1258,70.8369,72.4325,76.1606,81.9396,77.8314,81.4644,84.8153,4.8774,244,487,91.839,96.1258,265.3,89.8538,85.8467,,1
OCSORTpublic,OVERALL,59.8996,67.0154,54.3023,478,330,4434,202502,60.8636,98.6116,59.4617,49.6781,65.1153,76.6239,51.5592,83.5365,85.046,0.989953,554,2345,60.8636,98.6116,162,87.7971,54.1888,,0
OCSORTpublic,MOT20-08,25.8518,33.3058,29.5442,9,123,167,57242,26.1241,99.1817,40.779,21.4289,47.2957,65.0298,21.8047,82.7829,84.2154,0.207196,44,194,26.1241,99.1817,162,79.8765,21.0392,,0
OCSORTpublic,MOT20-07,62.4241,67.4422,54.193,32,16,587,11770,64.4422,97.3218,56.004,52.6907,61.124,77.4395,55.566,83.9168,86.6507,1.00342,81,129,64.4422,97.3218,162,84.6473,56.0497,,0
OCSORTpublic,MOT20-06,35.7495,41.3081,33.7916,23,132,386,84696,36.2022,99.2033,38.7172,29.5365,44.405,64.8648,30.2637,82.9301,84.5295,0.382937,215,787,36.2022,99.2033,162,77.2514,28.1914,,0
OCSORTpublic,MOT20-04,80.9175,82.8006,66.1195,414,59,3294,48794,82.1974,98.559,65.6697,66.6792,71.2627,79.8274,69.8018,83.6959,85.0739,1.58365,214,1235,82.1974,98.559,162,91.0414,75.9278,,0
MPTC,OVERALL,60.6071,59.7464,48.4795,635,208,45318,153978,70.2415,88.9135,46.5296,50.7382,51.6141,66.4016,56.8034,71.9853,81.3578,10.1179,4533,5163,70.2415,88.9135,6802.6,67.6874,53.473,64.5345,0
MPTC,MOT20-08,27.8264,35.2825,27.3736,25,78,10309,44781,42.2061,76.0323,26.4547,28.6143,30.514,53.0456,32.7541,59.2142,77.2798,12.7903,833,1052,42.2061,76.0323,6802.6,49.4211,27.4341,19.7365,0
MPTC,MOT20-07,70.6444,56.0115,46.8388,63,7,1226,8158,75.3542,95.3151,39.4023,56.3406,45.3666,59.679,60.7388,76.8281,81.7092,2.09573,333,330,75.3542,95.3151,6802.6,63.43,50.1465,4.41913,0
MPTC,MOT20-06,39.9414,38.5493,30.9624,71,86,13555,64243,51.6086,83.4834,26.8523,35.9812,31.0273,53.0858,40.4704,65.6363,78.8974,13.4474,1934,2090,51.6086,83.4834,6802.6,50.4539,31.1901,37.4744,0
MPTC,MOT20-04,78.6719,74.2739,59.3664,476,37,20228,36796,86.5749,92.145,55.223,63.9287,60.4902,72.2957,71.038,75.6383,82.6046,9.725,1433,1691,86.5749,92.145,6802.6,76.6632,72.029,16.5521,0
MPNTrack,OVERALL,57.5694,59.1124,46.8432,474,279,16953,201384,61.0797,94.9089,47.2769,46.5827,52.6649,69.9663,49.4717,76.8887,81.5628,3.785,1210,1420,61.0797,94.9089,694,75.4822,48.5774,19.8102,0
MPNTrack,MOT20-08,25.9383,36.0572,29.1805,18,101,3757,53470,30.9922,86.4715,36.4986,23.4795,40.2792,68.0745,24.9056,69.5217,79.8327,4.66129,159,181,30.9922,86.4715,694,68.3303,24.4902,5.13032,0
MPNTrack,MOT20-07,57.4424,59.9034,46.8267,41,17,906,13061,60.542,95.6746,48.0014,46.001,53.9623,70.2734,48.9551,77.3638,81.9845,1.54872,120,124,60.542,95.6746,694,77.2844,48.9049,1.9821,0
MPNTrack,MOT20-06,36.0448,39.7942,31.4409,39,113,4831,79649,40.0039,91.6619,32.9871,30.0897,36.5113,63.4225,31.7928,72.8651,79.9356,4.79266,425,504,40.0039,91.6619,694,65.4878,28.5808,10.624,0
MPNTrack,MOT20-04,76.9527,71.2377,56.1609,376,48,7459,55204,79.8587,96.7045,51.71,61.1714,57.6103,71.5872,65.042,78.7783,82.1149,3.58606,506,611,79.8587,96.7045,694,78.7513,65.033,6.33619,0
MOTPrivate,OVERALL,57.2522,46.7259,39.6008,444,223,42271,173903,66.3907,89.0431,32.1631,49.2243,39.9075,57.0252,54.5607,73.1767,81.7298,9.4376,5014,9285,66.3907,89.0431,4478.5,54.6973,40.7825,,1
MOTPrivate,MOT20-08,30.7018,31.0705,26.5481,36,64,14126,38475,50.3446,73.4149,21.2305,33.876,26.4743,46.5072,40.5486,59.1299,79.1963,17.5261,1094,2101,50.3446,73.4149,4478.5,38.1895,26.1886,,1
MOTPrivate,MOT20-07,76.475,58.5558,50.5609,71,5,1427,6074,81.6501,94.9849,41.5271,62.1039,49.0965,61.6342,67.5214,78.5488,83.2972,2.43932,286,449,81.6501,94.9849,4478.5,63.3373,54.4455,,1
MOTPrivate,MOT20-06,45.0146,34.9535,30.4291,90,72,15432,55704,58.0406,83.314,22.5805,41.5158,28.7798,45.2742,47.198,67.75,80.5652,15.3095,1861,3304,58.0406,83.314,4478.5,42.5637,29.6519,,1
MOTPrivate,MOT20-04,68.3641,54.8946,45.3006,247,82,11286,73650,73.1287,94.6694,36.5265,56.5203,45.2779,62.7061,60.5229,78.3505,82.4667,5.42596,1773,3431,73.1287,94.6694,4478.5,62.9794,48.6493,,1
MotionTrack_,OVERALL,77.9783,76.5022,62.7684,886,118,28629,84152,83.7364,93.8019,61.8062,63.9951,67.9725,76.54,70.0686,78.4912,84.0098,6.39183,1165,1321,83.7364,93.8019,299,81.1001,72.3976,,1
MotionTrack_,MOT20-08,60.8319,63.8789,49.8389,72,41,5326,24747,68.0618,90.8272,50.349,49.5838,55.857,72.1707,54.9127,73.2799,81.9357,6.60794,276,306,68.0618,90.8272,299,74.5621,55.8735,,1
MotionTrack_,MOT20-07,82.6531,77.4535,66.2141,90,3,2375,3263,90.1423,92.6272,63.7507,69.3589,69.9501,77.5418,77.3702,79.503,85.5799,4.05983,104,109,90.1423,92.6272,299,78.5211,76.4146,,1
MotionTrack_,MOT20-06,66.1314,64.8483,53.1257,146,56,8120,36351,72.6184,92.2316,52.1726,54.2683,58.0737,71.5954,59.6744,75.7916,82.8668,8.05556,492,475,72.6184,92.2316,299,73.6056,57.9533,,1
MotionTrack_,MOT20-04,87.9993,84.6587,69.6181,578,18,12808,19791,92.7792,95.2048,67.1315,72.3423,73.4348,78.7161,78.5061,80.5585,84.6735,6.15769,293,431,92.7792,95.2048,299,85.7653,83.5802,,1
MOTFR,OVERALL,69.0072,71.689,57.1553,816,128,54894,101823,80.3212,88.3328,57.1473,57.3841,62.5935,73.8255,65.415,71.9397,81.7264,12.2559,3648,6321,80.3212,88.3328,338,75.2642,68.438,,1
MOTFR,MOT20-08,43.307,57.4748,45.2951,69,41,15581,27603,64.3759,76.1984,48.9867,42.1013,54.7527,68.22,51.7555,61.2604,80.4185,19.3313,744,1394,64.3759,76.1984,338,62.7524,53.0161,,1
MOTFR,MOT20-07,77.2575,73.9109,59.5165,84,2,2550,4729,85.7134,91.7534,57.0006,62.765,62.3682,74.302,69.9786,74.9099,82.0133,4.35897,249,346,85.7134,91.7534,338,76.5151,71.4782,,1
MOTFR,MOT20-06,52.3355,55.3794,45.0895,125,57,18176,43442,67.2771,83.0907,43.3556,47.1426,48.2419,65.7982,54.7741,67.6488,80.9865,18.0317,1660,2573,67.2771,83.0907,338,61.888,50.1096,,1
MOTFR,MOT20-04,83.3515,82.4304,65.1434,538,28,18587,26049,90.496,93.0287,63.718,66.7838,69.2884,77.7181,73.8794,75.9471,82.2336,8.93606,995,2008,90.496,93.0287,338,83.5839,81.3083,,1
MOTer,OVERALL,59.1142,49.8845,43.5565,598,189,59624,147333,71.5258,86.1248,36.9776,51.8256,45.2076,58.8446,58.9356,70.9649,81.2214,13.3119,4597,9232,71.5258,86.1248,4478.5,54.9755,45.6566,,0
MOTer,MOT20-08,26.2454,29.6112,25.9191,36,61,16425,39632,48.8514,69.7386,21.6019,31.6879,26.5347,44.4343,38.8736,55.4946,78.5774,20.3784,1091,2190,48.8514,69.7386,4478.5,35.9416,25.1768,,0
MOTer,MOT20-07,73.3241,58.2093,50.0378,67,7,2480,6070,81.6622,91.5964,41.1635,61.1845,49.1018,60.8068,67.9017,76.162,82.8414,4.23932,280,433,81.6622,91.5964,4478.5,61.7499,55.0527,,0
MOTer,MOT20-06,42.443,33.1605,28.9146,79,73,18103,56401,57.5156,80.8351,21.225,40.0129,27.5418,43.2752,46.222,64.9626,79.5901,17.9593,1907,3526,57.5156,80.8351,4478.5,39.8829,28.3774,,0
MOTer,MOT20-04,74.765,61.2059,52.4424,416,48,22616,45230,83.4978,91.0065,43.8977,63.0822,53.1888,65.7361,69.6824,75.9487,81.9961,10.8731,1319,3083,83.4978,91.0065,4478.5,63.9579,58.6809,,0
MOT20_TBC,OVERALL,54.4615,50.0627,0,415,245,37937,195242,62.2667,89.4655,0,0,0,0,0,0,100,8.46997,2449,2580,62.2667,89.4655,805,60.9967,42.4528,39.3308,0
MOT20_TBC,MOT20-08,27.2237,32.9827,0,20,73,11015,44865,42.0977,74.7559,0,0,0,0,0,0,100,13.6663,510,549,42.0977,74.7559,805,45.7762,25.7782,12.1147,0
MOT20_TBC,MOT20-07,59.0345,51.3946,0,45,10,2225,11133,66.3666,90.8031,0,0,0,0,0,0,100,3.80342,202,223,66.3666,90.8031,805,60.8564,44.479,3.0437,0
MOT20_TBC,MOT20-06,36.4448,34.9686,0,44,97,14844,68745,48.2174,81.1758,0,0,0,0,0,0,100,14.7262,785,810,48.2174,81.1758,805,46.9197,27.8697,16.2804,0
MOT20_TBC,MOT20-04,70.3361,60.7013,0,306,65,9853,70499,74.2783,95.3837,0,0,0,0,0,0,100,4.73702,952,998,74.2783,95.3837,805,69.3251,53.9856,12.8167,0
MLT,OVERALL,48.8526,54.5533,43.2297,384,274,45660,216803,58.0997,86.8143,44.1141,42.6649,46.4953,78.1762,47.2861,70.6799,80.6227,10.1942,2187,3067,58.0997,86.8143,1200,68.0342,45.5313,37.6422,1
MLT,MOT20-08,12.8969,37.0854,28.3842,16,85,17000,50195,35.2189,61.6157,35.8421,22.6997,39.5673,64.0915,27.4207,47.9998,74.144,21.0918,296,603,35.2189,61.6157,1200,50.9833,29.1415,8.40458,1
MLT,MOT20-07,53.4939,60.5306,46.1649,39,19,1777,13471,59.3033,91.699,49.4367,43.5127,52.9551,75.1086,47.1132,72.8872,80.1928,3.03761,146,188,59.3033,91.699,1200,77.0636,49.8384,2.46192,1
MLT,MOT20-06,27.0336,46.041,34.9061,43,104,20121,76252,42.5627,73.7413,41.9764,29.27,45.2088,69.9025,33.5571,58.1759,75.8484,19.9613,495,887,42.5627,73.7413,1200,62.9042,36.3077,11.6299,1
MLT,MOT20-04,69.0252,62.0498,50.0716,286,66,6762,76885,71.9484,96.6847,44.5955,56.4523,46.4854,81.4098,59.5728,80.0665,83.0192,3.25096,1250,1389,71.9484,96.6847,1200,72.7164,54.1122,17.3736,1
mfi_tst,OVERALL,59.25,59.133,47.1149,511,215,36150,172782,66.6074,90.5067,46.1825,48.4347,50.0259,73.8845,53.1061,72.1611,79.9118,8.071,1919,3743,66.6074,90.5067,8170,69.7416,51.3256,,0
mfi_tst,MOT20-08,26.408,39.0993,29.9802,22,68,10960,45665,41.0653,74.38,32.2462,28.0763,34.8605,67.636,32.241,58.3968,77.032,13.598,397,702,41.0653,74.38,8170,54.9592,30.343,,0
mfi_tst,MOT20-07,55.1796,52.3154,39.9067,36,10,3221,11398,65.566,87.0767,36.9555,44.6706,40.9915,66.3282,49.0675,65.1655,74.6488,5.50598,217,504,65.566,87.0767,8170,60.8971,45.8536,,0
mfi_tst,MOT20-06,36.4576,41.8327,32.4976,53,88,14814,68814,48.1654,81.1902,31.7699,33.6205,34.6409,66.7848,37.4907,63.1963,76.3255,14.6964,729,1483,48.1654,81.1902,8170,56.1741,33.3248,,0
mfi_tst,MOT20-04,80.066,71.8472,57.419,400,49,7155,46905,82.8866,96.9467,52.5412,62.9573,56.6801,76.838,67.0561,78.4308,81.8762,3.4399,576,1054,82.8866,96.9467,8170,77.9409,66.6372,,0
MAA,OVERALL,73.906,71.1582,57.2801,741,153,24942,108744,78.9837,94.248,55.1415,59.7187,61.0647,72.0874,64.849,77.3817,82.6961,5.56865,1331,1450,78.9837,94.248,304.2,78.0342,65.3958,,1
MAA,MOT20-08,52.5128,55.2496,43.747,59,46,8590,27901,63.9913,85.2337,42.9338,44.8397,49.0461,64.9517,51.2421,68.2523,80.7688,10.6576,304,330,63.9913,85.2337,304.2,64.4199,48.3648,,1
MAA,MOT20-07,82.5353,71.7274,60.3779,81,4,865,4784,85.5473,97.0358,54.7822,66.9481,61.3356,70.0593,71.601,81.2166,84.0326,1.47863,132,133,85.5473,97.0358,304.2,76.5438,67.4813,,1
MAA,MOT20-06,58.5468,56.7709,45.1917,122,66,8672,45791,65.5077,90.9325,42.6191,48.103,48.8234,63.823,52.7724,73.2544,81.1187,8.60317,569,599,65.5077,90.9325,304.2,67.7879,48.8343,,1
MAA,MOT20-04,86.3513,81.4659,65.3456,479,37,6815,30268,88.9567,97.2809,61.802,69.2358,67.4353,76.3439,73.7297,80.6291,83.4856,3.27644,326,388,88.9567,97.2809,304.2,85.2776,77.9805,,1
LPC_MOT,OVERALL,56.2558,62.527,48.9523,424,313,11726,213056,58.8239,96.2904,52.4435,45.795,54.7453,81.256,48.0829,78.7291,82.2712,2.618,1562,1865,58.8239,96.2904,6040,82.4395,50.3624,26.5538,0
LPC_MOT,MOT20-08,25.8105,37.3503,29.3638,13,100,3814,53380,31.1084,86.3386,37.1057,23.3779,39.0867,74.6689,24.8051,68.8839,79.2834,4.73201,291,404,31.1084,86.3386,6040,70.5065,25.404,9.3544,0
LPC_MOT,MOT20-07,50.8353,58.9032,44.4903,20,29,229,15921,51.9018,98.6846,48.9085,40.6213,51.2423,81.0518,42.1118,80.0748,82.3321,0.391453,124,138,51.9018,98.6846,6040,85.4501,44.9412,2.38913,0
LPC_MOT,MOT20-06,35.3006,43.2276,33.3028,35,121,3503,81891,38.3151,93.557,37.7298,29.4768,39.3815,77.9585,30.7717,75.1888,80.6349,3.4752,499,653,38.3151,93.557,6040,74.3898,30.4654,13.0236,0
LPC_MOT,MOT20-04,75.6673,75.6734,59.2228,356,63,4180,61864,77.4288,98.0684,57.8238,60.7545,60.2649,82.6419,63.7696,80.7793,83.0039,2.00962,648,670,77.4288,98.0684,6040,85.7592,67.7103,8.36898,0
LMOT_Tracker,OVERALL,59.1058,61.1167,47.5283,312,286,13526,196673,61.9901,95.9537,46.7809,48.4097,51.4641,73.7499,51.1985,79.2494,83.1405,3.01987,1398,2446,61.9901,95.9537,200,77.8592,50.3003,,1
LMOT_Tracker,MOT20-08,55.7844,58.9835,45.9726,48,50,3440,30518,60.6138,93.1754,46.5985,45.5036,52.5008,69.6875,49.0196,75.3529,81.8321,4.26799,302,627,60.6138,93.1754,200,74.8264,48.6771,,1
LMOT_Tracker,MOT20-07,70.726,61.6352,50.3624,66,7,3479,6042,81.7468,88.6076,43.1405,59.2062,50.2467,63.3949,67.5287,73.1963,82.3286,5.94701,169,192,81.7468,88.6076,200,64.2216,59.249,,1
LMOT_Tracker,MOT20-06,62.8517,61.816,50.5944,124,73,5498,43278,67.4006,94.2112,49.4728,51.8837,55.828,70.2027,55.7196,77.8837,82.885,5.45437,541,1062,67.4006,94.2112,200,74.1106,53.0202,,1
LMOT_Tracker,MOT20-04,56.8271,61.303,45.9599,74,156,1109,116835,57.3726,99.2997,45.8857,46.1148,48.8617,78.6311,47.6524,82.4761,83.8242,0.533173,386,565,57.3726,99.2997,200,83.7028,48.3611,,1
LCC,OVERALL,66.0321,66.9591,53.2095,699,165,43938,129584,74.956,89.824,52.945,53.756,56.9296,76.0441,60.0315,72.0033,80.7436,9.80978,2237,4154,74.956,89.824,20030,73.6,61.4175,29.8442,1
LCC,MOT20-08,41.9403,51.2027,38.8005,40,54,7670,36918,52.354,84.099,40.625,37.2359,43.3043,73.2453,41.617,67.0127,79.4128,9.51613,399,842,52.354,84.099,20030,66.7261,41.5389,7.62119,1
LCC,MOT20-07,74.0521,65.0802,53.4051,78,4,3048,5292,84.0126,90.1222,48.8321,59.2525,54.0555,71.4304,67.1571,72.0527,80.8256,5.21026,249,309,84.0126,90.1222,20030,67.4466,62.8742,2.96384,1
LCC,MOT20-06,47.0122,49.0841,38.9348,81,77,10858,58664,55.811,87.2185,38.0893,40.0432,41.2341,73.0881,44.0751,68.9976,79.0306,10.7718,823,1550,55.811,87.2185,20030,62.8951,40.2465,14.7462,1
LCC,MOT20-04,81.0868,78.0193,61.8787,500,30,22362,28710,89.5251,91.6477,59.7302,64.3347,63.954,77.7657,72.1055,73.8473,81.4809,10.751,766,1453,89.5251,91.6477,20030,78.9442,77.1158,8.55626,1
kalman_pub,OVERALL,67.016,70.1513,56.4477,592,263,9685,160303,69.0191,97.3597,58.2551,54.8089,65.0042,73.6422,57.7169,81.4165,84.1445,2.16231,680,1738,69.0191,97.3597,253,84.554,59.9411,,0
kalman_pub,MOT20-08,36.4411,41.7632,34.3549,14,94,580,48583,37.2993,98.0326,40.0704,29.5277,48.1409,60.7314,30.4355,79.9926,82.7342,0.719603,85,257,37.2993,98.0326,253,75.7641,28.8266,,0
kalman_pub,MOT20-07,66.2306,67.8728,54.5233,42,14,909,10178,69.2517,96.1858,53.6608,55.6858,60.0462,71.5948,59.3138,82.3828,86.0166,1.55385,91,121,69.2517,96.1858,253,81.0717,58.3698,,0
kalman_pub,MOT20-06,49.6968,53.7007,42.4618,55,105,1285,65245,50.8538,98.1322,44.972,40.1622,51.9067,66.318,41.7998,80.6606,83.3481,1.2748,251,605,50.8538,98.1322,253,78.6633,40.7647,,0
kalman_pub,MOT20-04,84.1432,82.6459,66.4419,481,50,6911,36297,86.757,97.1757,64.4302,68.6332,70.9771,77.2307,72.9463,81.7065,84.3544,3.3226,253,755,86.757,97.1757,253,87.6084,78.2154,,0
IQHAT,OVERALL,57.0839,57.6804,45.6644,507,249,32247,187937,63.6785,91.0855,44.6671,46.9222,50.0602,68.8206,51.1091,73.1063,80.4537,7.1996,1875,2543,63.6785,91.0855,600,70.0931,49.0026,,0
IQHAT,MOT20-08,25.9137,35.6163,28.5996,17,101,3796,53447,31.0219,86.3615,35.1179,23.432,39.1135,65.8744,24.8575,69.2005,79.5265,4.70968,162,184,31.0219,86.3615,600,67.384,24.205,,0
IQHAT,MOT20-07,71.4842,61.5261,50.267,70,5,3275,5917,82.1244,89.2478,43.7267,58.4026,47.9561,71.8275,65.9058,71.6224,80.1594,5.59829,247,341,82.1244,89.2478,600,64.1945,59.0707,,0
IQHAT,MOT20-06,30.9867,37.0415,29.0568,41,94,17256,73448,44.6749,77.4623,27.5878,30.8607,30.5963,63.5711,35.0532,60.7791,76.8351,17.119,916,1383,44.6749,77.4623,600,50.6341,29.2022,,0
IQHAT,MOT20-04,76.7973,70.4547,55.0462,379,49,7920,55125,79.8876,96.5092,50.2206,60.5118,56.4586,69.9235,64.5205,77.9448,81.6143,3.80769,550,635,79.8876,96.5092,600,77.7842,64.3876,,0
IOU_KMM,OVERALL,46.5038,49.3535,40.3634,371,244,57517,214777,58.4913,84.0304,39.4011,41.8566,41.7477,75.1668,47.276,67.9183,79.8857,12.8415,4509,7557,58.4913,84.0304,148,60.1281,41.8535,,0
IOU_KMM,MOT20-08,8.40302,27.093,22.6043,14,80,19705,50375,34.9866,57.9079,23.4688,22.3049,25.4675,61.7484,27.5285,45.5636,73.5043,24.4479,893,1292,34.9866,57.9079,148,35.9679,21.7309,,0
IOU_KMM,MOT20-07,50.8927,49.44,39.3039,41,16,2660,13235,60.0163,88.1914,36.7966,42.8419,39.3282,73.3926,47.4126,69.6708,79.4268,4.54701,360,447,60.0163,88.1914,148,61.045,41.5426,,0
IOU_KMM,MOT20-06,21.4798,31.6111,26.2352,35,95,25519,76994,42.0038,68.6044,25.092,28.0276,26.9167,65.1403,33.1343,54.1179,75.1815,25.3165,1728,2400,42.0038,68.6044,148,41.6205,25.4826,,0
IOU_KMM,MOT20-04,68.8657,62.917,50.1661,281,53,9633,74173,72.9379,95.4029,45.2002,55.9217,47.5997,78.9583,59.692,78.0773,82.2393,4.63125,1528,3418,72.9379,95.4029,148,72.6062,55.5093,,0
ImprAsso,OVERALL,78.5919,78.791,64.5534,879,116,27064,82715,84.0141,94.1391,64.5533,64.7788,70.8596,77.7926,70.6332,79.1456,84.2562,6.04242,992,1043,84.0141,94.1391,697.2,83.5387,74.5538,,1
ImprAsso,MOT20-08,62.5006,64.7053,51.2399,73,39,4919,23895,69.1614,91.5926,51.7847,50.9733,57.9581,71.7892,56.1328,74.3385,82.2055,6.10298,242,277,69.1614,91.5926,697.2,75.1983,56.782,,1
ImprAsso,MOT20-07,82.4023,76.4601,66.2728,88,4,2028,3697,88.8312,93.548,62.5927,70.817,68.6081,77.6029,77.4553,81.5681,86.0025,3.46667,100,100,88.8312,93.548,697.2,78.4901,74.5325,,1
ImprAsso,MOT20-06,67.3057,68.0285,55.4704,152,55,7710,35256,73.4432,92.6719,55.7246,55.3601,62.2827,72.6605,60.6558,76.5365,83.1231,7.64881,438,375,73.4432,92.6719,697.2,76.934,60.9708,,1
ImprAsso,MOT20-04,88.1474,87.3484,71.4818,566,18,12407,19867,92.7515,95.3466,70.3989,72.7063,76.5861,80.5743,78.7413,80.9444,84.9046,5.9649,212,291,92.7515,95.3466,697.2,88.5704,86.1597,,1
GSDT_V2,OVERALL,67.1196,67.536,53.5935,660,164,31507,135395,73.833,92.3811,52.7422,54.6725,58.5425,71.8386,59.8423,74.8757,81.7198,7.03438,3230,9878,73.833,92.3811,3000,76.0191,60.7561,,1
GSDT_V2,MOT20-08,39.5914,48.9126,38.9547,43,62,9728,36406,53.0148,80.8527,41.2957,36.9595,46.8208,64.6659,42.5845,64.9454,80.758,12.0695,673,1815,53.0148,80.8527,3000,61.7545,40.4922,,1
GSDT_V2,MOT20-07,75.0279,68.058,55.6012,71,2,1870,6116,81.5232,93.5193,51.6675,60.5924,57.2624,72.6571,66.3581,76.1227,82.0566,3.19658,280,608,81.5232,93.5193,3000,73.0653,63.6929,,1
GSDT_V2,MOT20-06,49.9333,51.9688,40.8757,91,67,9796,55409,58.2628,88.7588,39.4108,42.5725,44.6873,62.9671,46.8385,71.3548,80.69,9.71825,1262,3566,58.2628,88.7588,3000,65.5696,43.041,,1
GSDT_V2,MOT20-04,82.2711,78.6341,62.0551,455,33,10113,37464,86.3312,95.9012,59.0767,65.3605,65.0755,75.7415,70.2327,78.0182,82.1926,4.86202,1015,3889,86.3312,95.9012,3000,82.9925,74.7107,,1
GSDT,OVERALL,67.0575,67.5228,53.5935,660,164,31913,135409,73.8303,92.2902,52.7422,54.6725,58.5425,71.8386,59.8423,74.8757,81.7198,7.12503,3131,9875,73.8303,92.2902,4800,75.9643,60.7698,42.4081,1
GSDT,MOT20-08,39.4146,48.9227,38.9547,43,62,9916,36420,52.9967,80.5492,41.2957,36.9595,46.8208,64.6659,42.5845,64.9454,80.758,12.3027,608,1813,52.9967,80.5492,4800,61.6399,40.5555,11.4724,1
GSDT,MOT20-07,75.0249,68.0569,55.6012,71,2,1870,6115,81.5262,93.5195,51.6675,60.5924,57.2624,72.6571,66.3581,76.1227,82.0566,3.19658,282,608,81.5262,93.5195,4800,73.0628,63.6929,3.45901,1
GSDT,MOT20-06,49.8301,51.9471,40.8757,91,67,9966,55410,58.2621,88.5859,39.4108,42.5725,44.6873,62.9671,46.8385,71.3548,80.69,9.8869,1228,3564,58.2621,88.5859,4800,65.4656,43.0561,21.0772,1
GSDT,MOT20-04,82.2543,78.6277,62.0551,455,33,10161,37464,86.3312,95.8826,59.0767,65.3605,65.0755,75.7415,70.2327,78.0182,82.1926,4.8851,1013,3890,86.3312,95.8826,4800,82.9772,74.7114,11.7339,1
GNNMatch,OVERALL,54.5498,49.0061,40.1757,407,317,9522,223611,56.784,96.8609,37.0239,43.788,43.9862,58.7294,45.9457,78.3815,82.015,2.12592,2038,2456,56.784,96.8609,86400,66.2999,38.8678,35.8904,0
GNNMatch,MOT20-08,22.775,23.1994,20.7896,14,113,2676,56788,26.71,88.5504,21.4864,20.2908,27.1468,43.0029,21.2815,70.5806,80.1442,3.3201,373,420,26.71,88.5504,86400,50.0556,15.0986,13.9648,0
GNNMatch,MOT20-07,52.3156,47.4552,38.5168,31,20,460,15165,54.1857,97.4995,35.9647,41.6682,42.8527,59.5017,43.8459,78.8987,82.6955,0.786325,159,185,54.1857,97.4995,86400,66.4221,36.9143,2.93436,0
GNNMatch,MOT20-06,31.9524,29.0975,24.5355,31,130,2666,86996,34.4697,94.4948,22.9097,26.3913,27.9688,43.3691,27.4501,75.2715,80.6889,2.64484,676,810,34.4697,94.4948,86400,54.4324,19.8558,19.6114,0
GNNMatch,MOT20-04,74.7479,61.9154,49.4653,331,54,3720,64662,76.408,98.2547,41.5827,59.0534,49.0405,63.3701,62.1305,79.8984,82.4353,1.78846,830,1041,76.408,98.2547,86400,70.7669,55.032,10.8627,0
GMPHD_Rd20,OVERALL,44.6518,43.5325,35.568,293,274,42778,236116,54.3672,86.8005,32.0471,39.9294,34.1082,72.0107,44.0038,70.2691,80.2305,9.55079,7492,11153,54.3672,86.8005,177.92,56.5174,35.3995,137.804,0
GMPHD_Rd20,MOT20-08,11.4708,29.2163,23.3776,12,90,15069,52575,32.1473,62.3068,25.7718,21.6165,27.7282,64.4747,25.4252,49.3091,73.7977,18.696,952,1688,32.1473,62.3068,177.92,42.9211,22.1452,29.6137,0
GMPHD_Rd20,MOT20-07,50.1344,51.1938,39.9056,37,19,1864,14204,57.0889,91.0216,39.0275,41.453,41.4917,75.687,45.0261,71.7993,79.8867,3.18632,438,578,57.0889,91.0216,177.92,66.4082,41.6513,7.67224,0
GMPHD_Rd20,MOT20-06,23.6281,34.3102,26.9468,29,99,18448,81264,38.7874,73.6235,27.2816,27.0038,28.9524,69.4509,30.5922,58.0862,75.5966,18.3016,1677,2886,38.7874,73.6235,177.92,49.7176,26.193,43.2357,0
GMPHD_Rd20,MOT20-04,63.5531,50.2456,41.5068,215,66,7397,88073,67.8664,96.1754,33.0261,52.5068,35.1453,72.3249,55.6287,78.8396,82.5314,3.55625,4425,6001,67.8664,96.1754,177.92,60.725,42.8507,65.2016,0
FOR_Tracking,OVERALL,76.8452,76.3876,61.3725,857,133,27112,91254,82.3639,94.0188,60.6111,62.3265,66.1971,76.7636,67.9596,77.5762,82.9486,6.05314,1443,3056,82.3639,94.0188,287.1,81.7922,71.653,,1
FOR_Tracking,MOT20-08,57.7061,63.9999,48.6228,57,46,4417,28066,63.7783,91.7953,50.2895,47.1391,54.3617,74.1901,51.3535,73.9124,81.387,5.48015,288,718,63.7783,91.7953,287.1,78.057,54.2331,,1
FOR_Tracking,MOT20-07,83.1334,77.8237,65.3983,90,3,1539,3925,88.1423,94.9894,63.144,68.1399,68.2917,79.0675,74.3856,80.164,84.7206,2.63077,119,183,88.1423,94.9894,287.1,80.8465,75.0189,,1
FOR_Tracking,MOT20-06,65.1996,63.9675,52.0656,134,72,5116,40560,69.4479,94.7427,50.9397,53.3729,55.949,72.8102,57.146,77.9602,82.4791,5.0754,524,994,69.4479,94.7427,287.1,75.6168,55.4283,,1
FOR_Tracking,MOT20-04,87.1372,84.4399,67.7599,576,12,16040,18703,93.1762,94.0904,65.5829,70.1528,71.6638,78.1898,77.1158,77.8724,83.2133,7.71154,512,1161,93.1762,94.0904,287.1,84.8542,84.0297,,1
FlowTracker,OVERALL,46.7296,42.4309,35.6203,345,249,54732,217371,57.9899,84.5733,31.1518,41.2784,34.1636,68.3404,46.3803,67.6416,79.1411,12.2197,3532,5165,57.9899,84.5733,232.82,52.1564,35.7624,,0
FlowTracker,MOT20-08,11.3804,25.6708,21.1115,14,77,17758,50369,34.9943,60.4261,20.0274,22.6572,22.2285,55.273,27.3696,47.2602,73.1636,22.0323,539,907,34.9943,60.4261,232.82,34.9988,20.2687,,0
FlowTracker,MOT20-07,52.231,48.1999,38.2378,37,16,2450,13154,60.261,89.061,34.6739,42.9158,38.4241,70.1828,47.3043,69.9121,79.2141,4.18803,208,300,60.261,89.061,232.82,59.7178,40.4066,,0
FlowTracker,MOT20-06,24.2119,31.3541,26.0684,35,97,22585,77039,41.9699,71.1569,24.4193,28.3601,27.147,59.9847,32.93,55.8305,75.0623,22.4058,990,1518,41.9699,71.1569,232.82,42.2564,24.9237,,0
FlowTracker,MOT20-04,66.9652,50.849,42.5825,259,59,11939,76809,71.9761,94.2934,33.7956,54.0385,36.8526,71.4286,58.1579,76.1906,81.2189,5.7399,1795,2440,71.9761,94.2934,232.82,58.7322,44.8315,,0
FineTrack,OVERALL,77.8846,79.0092,63.6407,870,118,24439,89012,82.7972,94.6033,63.8489,63.5973,69.5431,78.4441,69.016,78.8571,83.7086,5.45635,980,1406,82.7972,94.6033,500,84.6423,74.0792,,1
FineTrack,MOT20-08,60.5944,66.4954,51.067,69,40,4033,26249,66.1233,92.7028,53.1775,49.2086,58.1013,75.5395,53.5435,75.0663,82.1153,5.00372,251,361,66.1233,92.7028,500,79.86,56.9627,,1
FineTrack,MOT20-07,82.4537,80.1664,68.0829,90,3,1974,3740,88.7012,93.7003,66.9462,69.5525,71.6482,81.3275,76.2383,80.535,85.3619,3.37436,94,117,88.7012,93.7003,500,82.4254,78.0279,,1
FineTrack,MOT20-06,66.6353,68.424,54.6596,144,56,6310,37599,71.6783,93.7813,54.8942,54.5436,60.55,74.1561,59.1212,77.352,83.0496,6.25992,385,490,71.6783,93.7813,500,78.9737,60.3607,,1
FineTrack,MOT20-04,87.6695,86.5547,70.0007,567,19,12122,21424,92.1834,95.4219,68.7581,71.3938,74.686,80.0563,77.3106,80.0266,84.0769,5.82788,250,438,92.1834,95.4219,500,88.0751,85.086,,1
FCG,OVERALL,68.0289,69.725,57.3164,647,217,8020,155899,69.8703,97.8298,58.073,56.7254,62.6062,80.0071,59.346,83.0941,84.9765,1.79058,1508,7292,69.8703,97.8298,21600,83.6757,59.7614,,1
FCG,MOT20-08,37.9317,48.2683,38.2701,27,89,503,47367,38.8687,98.3573,46.3226,31.6624,48.443,81.7697,32.4869,82.2082,83.8698,0.624069,223,1293,38.8687,98.3573,21600,85.2057,33.6715,,1
FCG,MOT20-07,80.1335,71.4942,61.9809,81,5,987,5391,83.7135,96.5606,57.2856,67.7143,62.2303,76.559,72.4317,83.5475,86.3442,1.68718,198,435,83.7135,96.5606,21600,76.9802,66.7382,,1
FCG,MOT20-06,47.7564,52.2067,42.6401,60,98,1442,67426,49.211,97.8404,45.0307,40.429,47.7973,80.5891,41.7538,83.0143,84.5528,1.43056,489,2649,49.211,97.8404,21600,78.0016,39.2326,,1
FCG,MOT20-04,84.8948,80.7495,66.3652,479,25,5088,35715,86.9693,97.9101,62.9968,70.046,68.1973,79.7528,73.8798,83.1739,85.0683,2.44615,598,2915,86.9693,97.9101,21600,85.8287,76.2379,,1
Fair,OVERALL,61.8141,67.2762,54.5724,855,94,103440,88901,82.8186,80.5551,54.705,54.7333,60.6959,71.1041,67.3089,65.5812,81.143,23.0944,5243,7874,82.8186,80.5551,340.2,66.3568,68.2214,63.307,1
Fair,MOT20-08,27.0404,49.5389,41.209,80,28,32104,23447,69.7396,62.7309,43.5899,39.2664,50.1723,62.9666,56.2165,50.7998,79.6979,39.8313,981,1739,69.7396,62.7309,340.2,47.0496,52.3063,14.0666,1
Fair,MOT20-07,75.5566,69.9503,56.6936,85,1,2988,4770,85.5896,90.4595,52.9368,61.5064,58.8702,71.3002,69.6024,73.5721,81.8382,5.10769,333,445,85.5896,90.4595,340.2,71.9404,68.0674,3.89066,1
Fair,MOT20-06,38.5456,49.934,41.4017,134,45,42384,36744,72.3224,69.3751,39.5164,43.7761,45.1334,60.4606,58.3103,56.1079,79.0954,42.0476,2457,3238,72.3224,69.3751,340.2,48.9165,50.9947,33.9729,1
Fair,MOT20-04,81.2554,80.7849,64.2753,556,20,25964,23940,91.2654,90.5964,62.9467,65.8078,68.8806,76.6966,74.5264,74.0015,82.2005,12.4827,1472,2452,91.2654,90.5964,340.2,80.4888,81.0832,16.1288,1
DPTMOT,OVERALL,71.3969,75.2675,59.2049,731,132,37615,108526,79.0258,91.5759,59.3369,59.2259,65.2016,75.9364,65.2493,75.6116,82.212,8.39808,1859,7043,79.0258,91.5759,399.945,81.2441,70.1099,,1
DPTMOT,MOT20-08,60.526,65.8602,51.6354,82,35,6656,23483,69.6931,89.0268,53.1568,50.2839,57.8819,74.657,56.2361,71.8366,81.4853,8.25806,447,1379,69.6931,89.0268,399.945,74.9955,58.7089,,1
DPTMOT,MOT20-07,74.6382,74.3553,58.035,68,5,2450,5754,82.6168,91.7777,56.2409,60.493,61.6841,74.2668,67.0832,74.5216,81.5914,4.18803,191,461,82.6168,91.7777,399.945,78.4777,70.6444,,1
DPTMOT,MOT20-06,63.092,66.2414,53.0688,134,56,7463,40793,69.2724,92.494,53.8843,52.3612,58.5258,74.3578,56.8306,75.8814,82.3217,7.40377,742,2144,69.2724,92.494,399.945,77.3442,57.9261,,1
DPTMOT,MOT20-04,78.1012,81.773,63.9442,447,36,21046,38496,85.9547,91.7992,63.1008,64.9318,69.6956,76.9106,71.6536,76.5258,82.402,10.1183,479,3059,85.9547,91.7992,399.945,84.5531,79.1699,,1
DHTrack,OVERALL,77.9563,77.1107,63.2467,864,117,24154,88809,82.8364,94.6653,62.6508,64.0826,68.1795,78.2609,69.511,79.4371,84.1906,5.39272,1097,1336,82.8364,94.6653,298,82.6164,72.293,,1
DHTrack,MOT20-08,60.5944,64.4559,50.238,67,39,4380,25911,66.5595,92.172,51.2364,49.4744,55.8213,74.6556,54.0422,74.8379,82.2755,5.43424,242,332,66.5595,92.172,298,76.8574,55.5005,,1
DHTrack,MOT20-07,82.2392,76.5156,65.66,89,2,1888,3873,88.2994,93.9324,62.2278,69.9009,67.4546,79.7725,76.496,81.376,85.9429,3.22735,118,127,88.2994,93.9324,298,78.9562,74.2213,,1
DHTrack,MOT20-06,66.3287,64.0001,52.813,142,58,6457,37787,71.5367,93.6338,51.447,54.3793,56.9012,73.2796,59.023,77.2547,83.1126,6.40575,457,489,71.5367,93.6338,298,73.8847,56.4482,,1
DHTrack,MOT20-04,87.9792,86.0214,70.4725,566,18,11429,21238,92.2513,95.6753,68.7762,72.3451,74.4705,80.2126,78.1206,81.0201,84.7685,5.49471,280,388,92.2513,95.6753,298,87.6178,84.4821,,1
DAAW_OCSORT,OVERALL,75.5729,79.1531,63.9323,801,161,16959,108654,79.0011,96.0165,65.7346,62.3546,70.7504,80.9266,66.5596,80.8954,84.3459,3.78634,779,1536,79.0011,96.0165,871,87.6772,72.1396,,1
DAAW_OCSORT,MOT20-08,52.1217,61.7199,47.1101,45,64,1902,35039,54.7791,95.7111,52.2112,42.6294,55.4567,78.5148,44.849,78.3611,82.4973,2.3598,157,368,54.7791,95.7111,871,84.7791,48.5223,,1
DAAW_OCSORT,MOT20-07,82.6924,79.1585,67.6887,87,2,1559,4066,87.7164,94.9042,65.9548,70.0338,70.6354,81.7542,75.9661,82.191,85.9919,2.66496,104,140,87.7164,94.9042,871,82.4018,76.1608,,1
DAAW_OCSORT,MOT20-06,61.6879,67.6386,53.3711,108,79,3445,47139,64.4923,96.132,56.1297,50.8195,60.9389,77.4155,53.6512,79.9723,83.2927,3.41766,278,518,64.4923,96.132,871,84.2303,56.5078,,1
DAAW_OCSORT,MOT20-04,88.0683,87.8832,71.5856,561,16,10053,22410,91.8237,96.159,70.856,72.4343,76.186,82.0039,77.8137,81.4875,84.8166,4.83317,240,510,91.8237,96.159,871,89.9579,85.9021,,1
CT_v0,OVERALL,45.1303,35.6426,33.0259,409,235,69491,207927,59.8151,81.6642,26.3353,42.349,27.7413,75.3964,48.6713,66.4497,79.8364,15.5148,6492,6351,59.8151,81.6642,14.09,42.1523,30.8746,,0
CT_v0,MOT20-08,6.35486,20.5476,18.2495,18,81,21524,49898,35.6022,56.1719,15.5219,22.4058,16.5085,62.869,28.1384,44.3958,73.5443,26.7047,1138,1427,35.6022,56.1719,14.09,26.4834,16.7854,,0
CT_v0,MOT20-07,49.8505,40.5328,34.7151,43,14,3576,12570,62.0253,85.1661,28.4939,43.7278,30.3993,74.5256,49.408,67.8414,79.3532,6.11282,454,397,62.0253,85.1661,14.09,48.0939,35.0261,,0
CT_v0,MOT20-06,19.3865,22.4634,20.5882,37,92,28673,76232,42.5778,66.3455,15.6255,28.2622,16.625,65.4899,33.9219,52.8577,75.0518,28.4454,2115,2248,42.5778,66.3455,14.09,28.7331,18.4397,,0
CT_v0,MOT20-04,67.9916,44.7472,41.0688,311,48,15718,69227,74.7424,92.8741,30.1043,56.6027,31.5344,78.9925,61.5311,76.4578,82.1778,7.55673,2785,2279,74.7424,92.8741,14.09,50.1748,40.3792,,0
CSTrack,OVERALL,66.5734,68.6148,53.9637,626,192,25404,144358,72.1007,93.6246,53.9865,54.1564,57.5624,77.8421,58.4684,75.9587,81.5387,5.6718,3196,7632,72.1007,93.6246,1000,78.8565,60.7277,44.3269,1
CSTrack,MOT20-08,42.5107,50.6507,39.2908,34,71,3796,40037,48.3287,90.796,42.61,36.3563,45.5932,75.3525,39.0165,73.39,81.3245,4.70968,712,1501,48.3287,90.796,1000,72.9045,38.8054,14.7325,1
CSTrack,MOT20-07,73.4661,66.3693,55.0282,73,3,2475,5910,82.1456,91.6571,50.0073,61.2582,54.2051,76.1202,67.8943,75.7685,82.4134,4.23077,398,523,82.1456,91.6571,1000,70.2117,62.9256,4.84506,1
CSTrack,MOT20-06,50.6738,53.8679,43.6781,80,86,6234,58185,56.1718,92.2852,44.0627,43.4548,47.3218,75.1102,46.5231,76.5204,82.4295,6.18452,1065,2547,56.1718,92.2852,1000,71.1841,43.328,18.9597,1
CSTrack,MOT20-04,80.2447,79.0272,61.2304,439,32,12899,40226,85.3235,94.7726,59.2831,63.4459,62.9471,78.972,68.6151,76.2268,81.1675,6.20144,1021,3061,85.3235,94.7726,1000,83.4031,75.0876,11.9662,1
CrowdTrack,OVERALL,70.6897,68.2423,54.9584,682,150,21928,126533,75.5457,94.6883,52.5797,57.6678,56.9999,74.5624,62.1774,77.9325,82.8737,4.89574,3198,11191,75.5457,94.6883,471.2,76.8883,61.3442,,1
CrowdTrack,MOT20-08,48.9804,51.2117,40.4382,49,44,7358,31434,59.4316,86.223,38.8242,42.3632,43.3492,66.2867,47.6683,69.1569,80.9654,9.12903,740,2198,59.4316,86.223,471.2,62.7546,43.2554,,1
CrowdTrack,MOT20-07,79.0157,68.0271,57.397,76,2,680,5921,82.1123,97.5592,50.8075,65.2306,55.6561,72.8348,69.1515,82.1602,84.4248,1.16239,345,689,82.1123,97.5592,471.2,74.4257,62.6416,,1
CrowdTrack,MOT20-06,54.8566,53.058,42.595,99,75,7068,51586,61.1425,91.9899,39.8449,45.7534,43.7298,68.241,49.5287,74.5168,81.4916,7.0119,1277,3644,61.1425,91.9899,471.2,66.4423,44.1619,,1
CrowdTrack,MOT20-04,83.4905,79.0618,63.2164,458,29,6822,37592,86.2845,97.1962,59.542,67.2733,63.9955,78.2164,71.5634,80.6134,83.5303,3.27981,836,4660,86.2845,97.1962,471.2,84.0609,74.6238,,1
CountingMOT,OVERALL,70.1963,72.4366,56.9619,770,150,33531,117886,77.2168,92.2574,57.3562,56.7699,62.5383,74.7798,62.4329,74.5938,81.5825,7.48627,2795,6884,77.2168,92.2574,355,79.4914,66.532,,1
CountingMOT,MOT20-08,51.1164,54.4851,42.7909,42,54,2853,34536,55.4282,93.7709,44.1209,41.6385,50.0675,67.9285,44.4499,75.1983,81.4704,3.5397,488,1553,55.4282,93.7709,355,73.3303,43.3457,,1
CountingMOT,MOT20-07,72.9615,69.4139,57.51,87,4,3833,4855,85.3328,88.0514,55.0333,60.7338,59.2657,76.3654,69.9045,72.1316,81.9681,6.55214,262,396,85.3328,88.0514,355,70.5197,68.3423,,1
CountingMOT,MOT20-06,56.4008,58.4594,45.7652,94,71,4241,52760,60.2582,94.9655,45.4475,46.2214,50.4338,68.9183,49.0286,77.2678,81.8748,4.20734,880,2657,60.2582,94.9655,355,75.295,47.7768,,1
CountingMOT,MOT20-04,81.9384,82.4234,64.3454,547,21,22604,25735,90.6105,91.6576,63.709,65.2099,68.9358,77.6026,73.107,73.9518,81.4618,10.8673,1165,2278,90.6105,91.6576,355,82.8996,81.9526,,1
ConMOT,OVERALL,77.8656,77.2966,63.2993,873,119,24353,88867,82.8252,94.623,62.828,64.0063,68.5781,78.308,69.4678,79.363,84.1514,5.43715,1309,1547,82.8252,94.623,2998,82.8017,72.4778,,1
ConMOT,MOT20-08,60.5906,66.3287,51.3871,69,39,4103,26133,66.273,92.6011,53.7659,49.325,57.5628,78.0487,53.7299,75.0749,82.2064,5.09057,300,372,66.273,92.6011,2998,79.5037,56.8995,,1
ConMOT,MOT20-07,81.3178,73.9113,64.7448,89,3,2025,4023,87.8463,93.4894,60.9183,69.5408,66.1891,78.097,76.2338,81.1309,85.8363,3.46154,136,143,87.8463,93.4894,2998,76.2852,71.6806,,1
ConMOT,MOT20-06,66.3558,66.325,53.6097,144,58,6397,37734,71.5766,93.6926,53.1433,54.2194,58.9272,73.5758,58.9078,77.1093,83.0674,6.34623,534,557,71.5766,93.6926,2998,76.5717,58.4971,,1
ConMOT,MOT20-04,87.9074,85.1714,70.1115,571,19,11828,20977,92.3465,95.5355,68.0726,72.3478,74.1691,79.705,78.2148,80.9158,84.7428,5.68654,339,475,92.3465,95.5355,2998,86.642,83.7499,,1
CJTracker,OVERALL,66.8084,67.5045,54.0609,728,188,34663,135340,73.8436,91.6825,53.7599,54.5359,59.6329,72.3414,60.069,74.5803,81.9981,7.739,1739,3217,73.8436,91.6825,200,75.6582,60.9372,,1
CJTracker,MOT20-08,36.8502,46.4751,36.0339,32,75,6783,41876,45.9553,83.999,39.6764,32.8671,44.2859,64.8315,36.5441,66.7968,80.3895,8.41563,272,512,45.9553,83.999,200,65.7121,35.9506,,1
CJTracker,MOT20-07,75.3844,68.7506,56.6531,80,2,2293,5633,82.9824,92.2953,51.5586,62.6781,57.0503,71.4548,69.0068,76.7513,82.7769,3.91966,222,298,82.9824,92.2953,200,72.6084,65.282,,1
CJTracker,MOT20-06,50.0441,50.7769,40.7257,84,83,7180,58577,55.8765,91.175,40.3616,41.2482,44.9502,65.1257,44.6574,72.8685,80.9244,7.12302,563,1079,55.8765,91.175,200,66.8154,40.9477,,1
CJTracker,MOT20-04,82.362,78.7161,62.8413,532,28,18407,29254,89.3266,93.0074,59.9172,66.0585,66.3323,75.5167,73.1049,76.1173,82.461,8.84952,682,1328,89.3266,93.0074,200,80.3379,77.1585,,1
BYTEv2,OVERALL,77.3189,75.6344,61.3992,852,135,22867,93409,81.9474,94.883,60.1154,62.8906,66.5658,74.8318,68.1088,78.8599,83.5686,5.10538,1082,1419,81.9474,94.883,375.7,81.604,70.4787,,1
BYTEv2,MOT20-08,58.3824,58.8752,46.4535,60,51,3034,28980,62.5987,94.1131,45.9444,47.1744,52.4161,68.5723,50.6799,76.194,82.1417,3.76427,233,326,62.5987,94.1131,375.7,73.6951,49.0179,,1
BYTEv2,MOT20-07,82.3661,73.6733,62.857,92,3,2152,3568,89.2209,93.2081,58.3841,68.1268,64.3406,74.2102,75.5797,78.9573,84.7786,3.67863,117,125,89.2209,93.2081,375.7,75.3195,72.0975,,1
BYTEv2,MOT20-06,66.2376,63.6813,51.7769,138,61,5128,39268,70.4211,94.8001,50.2132,53.555,56.8382,69.2517,57.615,77.5606,82.6358,5.0873,426,516,70.4211,94.8001,375.7,74.7042,55.4931,,1
BYTEv2,MOT20-04,87.4301,85.0106,68.7038,562,20,12553,21593,92.1218,95.2638,66.4347,71.1766,72.8272,77.9178,77.2165,79.8502,84.0382,6.0351,306,452,92.1218,95.2638,375.7,86.4604,83.6087,,1
ByteTrack,OVERALL,77.7618,75.2099,61.3429,859,118,26249,87594,83.0712,94.2447,59.5555,63.3862,66.1748,74.6384,69.07,78.3602,83.5504,5.86046,1223,1460,83.0712,94.2447,255.9,80.268,70.7516,,1
ByteTrack,MOT20-08,61.6243,60.1735,48.0583,73,36,6099,23292,69.9396,89.8841,46.0159,50.4742,52.677,67.9533,56.3325,72.3967,81.5784,7.567,344,417,69.9396,89.8841,255.9,68.7532,53.4975,,1
ByteTrack,MOT20-07,82.4477,73.7597,64.0811,89,3,1801,3884,88.2662,94.1937,59.5924,69.3269,64.5235,76.2677,75.7241,80.8093,85.3265,3.07863,125,137,88.2662,94.1937,255.9,76.2364,71.4389,,1
ByteTrack,MOT20-06,66.0651,63.3132,51.705,143,61,6562,38027,71.3559,93.5217,49.6002,54.0452,55.9688,69.5739,58.7133,76.9518,82.9112,6.50992,462,524,71.3559,93.5217,255.9,73.1469,55.8102,,1
ByteTrack,MOT20-04,87.4236,84.4164,68.3515,554,18,11787,22391,91.8306,95.5264,65.9118,71.0263,72.7649,77.4843,76.8837,79.978,83.999,5.66683,292,382,91.8306,95.5264,255.9,86.1151,82.7834,,1
BrinqTraq_v2,OVERALL,79.5337,77.4264,63.1297,910,103,26830,77899,84.9449,94.2469,61.5441,64.9641,67.6669,75.8948,70.848,78.6062,83.7761,5.99018,1169,1748,84.9449,94.2469,671.85,81.6658,73.6055,,1
BrinqTraq_v2,MOT20-08,66.1595,65.2154,51.7595,95,27,5271,20640,73.3622,91.5141,50.2284,53.5485,55.9112,70.086,59.2628,73.9261,81.9016,6.5397,310,491,73.3622,91.5141,671.85,73.2834,58.7476,,1
BrinqTraq_v2,MOT20-07,80.6954,72.6883,61.9103,86,3,2433,3846,88.381,92.322,57.0737,67.6357,63.8916,73.0837,75.4533,78.8178,85.1549,4.15897,111,128,88.381,92.322,671.85,74.3089,71.1368,,1
BrinqTraq_v2,MOT20-06,67.8179,64.2215,52.3426,141,54,4953,37296,71.9066,95.0674,49.8163,55.1233,55.5216,70.5986,59.0812,78.111,82.7645,4.91369,475,735,71.9066,95.0674,671.85,74.5643,56.3985,,1
BrinqTraq_v2,MOT20-04,88.849,86.7461,70.4747,588,19,14173,16117,94.1197,94.792,68.4908,72.6539,74.6792,79.0453,79.2663,79.8326,84.3882,6.81394,273,394,94.1197,94.792,671.85,87.0559,86.4385,,1
BPMTrack,OVERALL,78.2887,76.6618,62.3327,881,110,28558,82468,84.0619,93.8388,60.9457,63.9392,67.7189,75.7366,69.9622,78.0993,83.598,6.37598,1314,1554,84.0619,93.8388,486,81.12,72.6682,,1
BPMTrack,MOT20-08,61.2978,63.8082,49.7275,73,34,5826,23774,69.3175,90.2143,49.334,50.3614,55.5305,70.9674,55.9948,72.8752,81.7826,7.22829,388,460,69.3175,90.2143,486,73.4262,56.4181,,1
BPMTrack,MOT20-07,82.4718,76.7686,66.0949,92,3,2057,3631,89.0305,93.4754,63.2319,69.4323,68.543,78.6504,76.3679,80.1806,85.3045,3.51624,114,126,89.0305,93.4754,486,78.6849,74.9434,,1
BPMTrack,MOT20-06,66.2338,65.7103,52.9239,144,56,6826,37485,71.7642,93.3143,51.7095,54.307,58.4759,71.0554,59.1045,76.853,82.9521,6.77183,516,556,71.7642,93.3143,486,75.5764,58.1227,,1
BPMTrack,MOT20-04,88.4258,84.6082,68.9606,572,17,13849,17578,93.5866,94.8775,66.2766,71.8946,73.2938,77.8698,78.3963,79.4776,84.0116,6.65817,296,412,93.5866,94.8775,486,85.1917,84.0326,,1
BoT_SORT,OVERALL,77.8105,77.4586,63.3387,872,119,24638,88863,82.826,94.5636,62.8868,64.0218,68.6492,78.1663,69.5003,79.3495,84.1689,5.50078,1313,1545,82.826,94.5636,800.703,82.9471,72.6514,,1
BoT_SORT,MOT20-08,60.4409,66.0538,50.6293,68,39,4202,26133,66.273,92.4361,52.1898,49.3341,56.4049,75.1605,53.7787,75.0093,82.2324,5.2134,317,382,66.273,92.4361,800.703,79.092,56.7059,,1
BoT_SORT,MOT20-07,81.3087,76.3278,65.7922,90,3,2122,3949,88.0698,93.2148,62.8181,69.5176,68.3092,79.5785,76.4265,80.8913,85.8656,3.62735,116,133,88.0698,93.2148,800.703,78.5573,74.2213,,1
BoT_SORT,MOT20-06,66.288,66.2421,53.6249,144,58,6421,37794,71.5314,93.6667,53.1208,54.2785,58.7919,73.6167,58.9449,77.1852,83.1104,6.37004,540,559,71.5314,93.6667,800.703,76.4914,58.415,,1
BoT_SORT,MOT20-04,87.8796,85.2799,70.2186,570,19,11893,20987,92.3429,95.5119,68.2807,72.3452,74.3277,79.8546,78.2211,80.9055,84.7473,5.71779,340,471,92.3429,95.5119,800.703,86.7433,83.8652,,1
BFTracker,OVERALL,68.477,70.7713,56.4299,801,129,53745,106851,79.3495,88.425,56.4544,56.6641,62.3833,73.3691,64.492,71.8681,81.6826,11.9993,2512,4859,79.3495,88.425,310.3,74.8184,67.1395,,1
BFTracker,MOT20-08,40.1347,53.18,41.4915,54,45,15006,30869,60.1608,75.6479,44.6145,38.8641,49.9926,66.6667,47.2729,59.4422,78.7973,18.6179,511,1020,60.1608,75.6479,310.3,60.025,47.7363,,1
BFTracker,MOT20-07,76.0037,71.5329,57.8503,77,1,2649,5065,84.6983,91.3671,54.5958,61.8013,59.8374,73.9842,69.2657,74.7193,82.4354,4.5282,229,401,84.6983,91.3671,310.3,74.349,68.9224,,1
BFTracker,MOT20-06,52.2029,55.5402,43.9612,123,60,18280,44054,66.8161,82.9132,42.5296,45.6404,47.3427,64.8405,53.0256,65.8003,79.5154,18.1349,1120,1930,66.8161,82.9132,310.3,62.2304,50.1488,,1
BFTracker,MOT20-04,83.4631,81.9933,65.2505,547,23,17810,26863,90.199,93.28,63.3756,67.3281,69.6925,77.0116,74.3372,76.8764,82.8956,8.5625,652,1508,90.199,93.28,310.3,83.3936,80.6391,,1
BBT,OVERALL,46.8388,42.1509,35.7651,312,289,35014,236176,54.3556,88.9289,32.2326,40.1578,35.0521,70.1808,43.8492,71.7493,80.6265,7.81737,3880,7207,54.3556,88.9289,560,55.5561,33.9573,71.3818,0
BBT,MOT20-08,12.6039,23.7792,20.2093,14,93,13716,53331,31.1716,63.7804,19.882,21.0627,22.0867,57.3845,24.5117,50.1735,74.0694,17.0174,671,1421,31.1716,63.7804,560,36.217,17.7004,21.526,0
BBT,MOT20-07,52.1283,47.1703,37.8438,36,19,1352,14245,56.965,93.3096,35.0243,41.6112,38.5165,70.3118,44.7425,73.2925,80.2164,2.31111,249,382,56.965,93.3096,560,62.2179,37.9837,4.3711,0
BBT,MOT20-06,25.054,28.2688,23.5589,31,107,15695,82573,37.8014,76.176,21.483,26.2818,23.5435,61.7772,29.4259,59.3098,75.8689,15.5704,1228,2295,37.8014,76.176,560,42.6175,21.1484,32.4856,0
BBT,MOT20-04,66.43,52.0335,43.6774,231,70,4251,86027,68.6129,97.7895,35.8965,53.4221,38.8319,73.1032,56.1941,80.0952,82.8758,2.04375,1732,3109,68.6129,97.7895,560,63.0967,44.2711,25.2431,0
ApLift,OVERALL,58.8896,56.4849,46.6146,513,264,17739,192736,62.751,94.8197,45.2281,48.2459,48.1469,76.7792,51.2973,77.5126,82.1505,3.96048,2241,2112,62.751,94.8197,9999,70.9181,46.9331,,0
ApLift,MOT20-08,26.4816,33.8377,27.5797,20,98,3702,52924,31.6969,86.9011,31.8348,24.064,34.26,69.9968,25.5346,70.0066,80.0756,4.59305,339,333,31.6969,86.9011,9999,63.3041,23.0899,,0
ApLift,MOT20-07,56.9046,54.7229,44.0464,40,15,936,13135,60.3184,95.522,42.2137,46.4185,45.3183,75.852,49.2313,77.9641,82.237,1.6,194,195,60.3184,95.522,9999,70.6918,44.6391,,0
ApLift,MOT20-06,36.0945,36.7543,30.1005,41,111,4786,79313,40.257,91.7809,29.5598,30.8428,31.4793,71.4129,32.5053,74.1078,80.649,4.74802,740,744,40.257,91.7809,9999,60.2748,26.4378,,0
ApLift,MOT20-04,79.3322,68.7772,56.6164,412,40,8315,47364,82.7192,96.4622,50.5213,63.6551,53.6641,78.7668,67.9322,79.2186,82.73,3.9976,968,840,82.7192,96.4622,9999,74.4906,63.8779,,0
AIICMOT,OVERALL,76.7592,75.0176,61.2273,840,142,27474,91647,82.2879,93.9385,59.9109,62.7707,66.2585,75.7118,68.476,78.1711,83.4898,6.13396,1133,1357,82.2879,93.9385,693,80.3282,70.3656,,1
AIICMOT,MOT20-08,57.879,59.7376,46.8542,58,50,4755,27622,64.3513,91.2939,46.5502,47.3474,52.5197,70.3744,51.8719,73.5896,81.5243,5.8995,260,333,64.3513,91.2939,693,72.2431,50.9228,,1
AIICMOT,MOT20-07,82.9038,75.4905,64.5055,89,3,2038,3506,89.4082,93.5574,60.6454,69.0225,66.5255,76.6734,76.2341,79.772,85.2114,3.48376,115,116,89.4082,93.5574,693,77.2421,73.8165,,1
AIICMOT,MOT20-06,64.4456,63.449,52.0766,133,69,7823,38922,70.6818,92.3046,51.0227,53.3141,57.0426,71.8144,58.2426,76.06,82.5674,7.76091,456,476,70.6818,92.3046,693,73.1541,56.0174,,1
AIICMOT,MOT20-04,87.3188,83.73,68.1431,560,20,12858,21597,92.1203,95.1542,65.4663,71.0746,72.005,77.8038,77.1899,79.7321,84.0118,6.18173,302,432,92.1203,95.1542,693,85.1088,82.3952,,1
